--
-- PostgreSQL database dump
--

-- Dumped from database version 8.4.12
-- Dumped by pg_dump version 9.1.3
-- Started on 2012-10-10 19:36:57 MSK

SET statement_timeout = 0;
SET client_encoding = 'UTF8';
SET standard_conforming_strings = off;
SET check_function_bodies = false;
SET client_min_messages = warning;
SET escape_string_warning = off;

SET search_path = public, pg_catalog;

--
-- TOC entry 487 (class 1247 OID 21583)
-- Dependencies: 6
-- Name: check_rating; Type: TYPE; Schema: public; Owner: postgres
--

CREATE TYPE check_rating AS ENUM (
    'hidden',
    'info',
    'low_risk',
    'med_risk',
    'high_risk'
);


ALTER TYPE public.check_rating OWNER TO postgres;

--
-- TOC entry 490 (class 1247 OID 21590)
-- Dependencies: 6
-- Name: check_status; Type: TYPE; Schema: public; Owner: postgres
--

CREATE TYPE check_status AS ENUM (
    'open',
    'in_progress',
    'stop',
    'finished'
);


ALTER TYPE public.check_status OWNER TO postgres;

--
-- TOC entry 493 (class 1247 OID 21596)
-- Dependencies: 6
-- Name: project_status; Type: TYPE; Schema: public; Owner: gtta
--

CREATE TYPE project_status AS ENUM (
    'open',
    'in_progress',
    'finished'
);


ALTER TYPE public.project_status OWNER TO gtta;

--
-- TOC entry 496 (class 1247 OID 21601)
-- Dependencies: 6
-- Name: user_role; Type: TYPE; Schema: public; Owner: postgres
--

CREATE TYPE user_role AS ENUM (
    'admin',
    'user',
    'client'
);


ALTER TYPE public.user_role OWNER TO postgres;

--
-- TOC entry 649 (class 1247 OID 26942)
-- Dependencies: 6
-- Name: vuln_status; Type: TYPE; Schema: public; Owner: gtta
--

CREATE TYPE vuln_status AS ENUM (
    'open',
    'resolved'
);


ALTER TYPE public.vuln_status OWNER TO gtta;

SET default_tablespace = '';

SET default_with_oids = false;

--
-- TOC entry 140 (class 1259 OID 21605)
-- Dependencies: 6
-- Name: check_categories; Type: TABLE; Schema: public; Owner: gtta; Tablespace: 
--

CREATE TABLE check_categories (
    id bigint NOT NULL,
    name character varying(1000) NOT NULL
);


ALTER TABLE public.check_categories OWNER TO gtta;

--
-- TOC entry 141 (class 1259 OID 21611)
-- Dependencies: 140 6
-- Name: check_categories_id_seq; Type: SEQUENCE; Schema: public; Owner: gtta
--

CREATE SEQUENCE check_categories_id_seq
    START WITH 1
    INCREMENT BY 1
    NO MINVALUE
    NO MAXVALUE
    CACHE 1;


ALTER TABLE public.check_categories_id_seq OWNER TO gtta;

--
-- TOC entry 2185 (class 0 OID 0)
-- Dependencies: 141
-- Name: check_categories_id_seq; Type: SEQUENCE OWNED BY; Schema: public; Owner: gtta
--

ALTER SEQUENCE check_categories_id_seq OWNED BY check_categories.id;


--
-- TOC entry 2186 (class 0 OID 0)
-- Dependencies: 141
-- Name: check_categories_id_seq; Type: SEQUENCE SET; Schema: public; Owner: gtta
--

SELECT pg_catalog.setval('check_categories_id_seq', 10, true);


--
-- TOC entry 142 (class 1259 OID 21613)
-- Dependencies: 6
-- Name: check_categories_l10n; Type: TABLE; Schema: public; Owner: gtta; Tablespace: 
--

CREATE TABLE check_categories_l10n (
    check_category_id bigint NOT NULL,
    language_id bigint NOT NULL,
    name character varying(1000)
);


ALTER TABLE public.check_categories_l10n OWNER TO gtta;

--
-- TOC entry 143 (class 1259 OID 21619)
-- Dependencies: 6
-- Name: check_controls; Type: TABLE; Schema: public; Owner: gtta; Tablespace: 
--

CREATE TABLE check_controls (
    id bigint NOT NULL,
    check_category_id bigint NOT NULL,
    name character varying(1000) NOT NULL
);


ALTER TABLE public.check_controls OWNER TO gtta;

--
-- TOC entry 144 (class 1259 OID 21625)
-- Dependencies: 6 143
-- Name: check_controls_id_seq; Type: SEQUENCE; Schema: public; Owner: gtta
--

CREATE SEQUENCE check_controls_id_seq
    START WITH 1
    INCREMENT BY 1
    NO MINVALUE
    NO MAXVALUE
    CACHE 1;


ALTER TABLE public.check_controls_id_seq OWNER TO gtta;

--
-- TOC entry 2187 (class 0 OID 0)
-- Dependencies: 144
-- Name: check_controls_id_seq; Type: SEQUENCE OWNED BY; Schema: public; Owner: gtta
--

ALTER SEQUENCE check_controls_id_seq OWNED BY check_controls.id;


--
-- TOC entry 2188 (class 0 OID 0)
-- Dependencies: 144
-- Name: check_controls_id_seq; Type: SEQUENCE SET; Schema: public; Owner: gtta
--

SELECT pg_catalog.setval('check_controls_id_seq', 11, true);


--
-- TOC entry 145 (class 1259 OID 21627)
-- Dependencies: 6
-- Name: check_controls_l10n; Type: TABLE; Schema: public; Owner: gtta; Tablespace: 
--

CREATE TABLE check_controls_l10n (
    check_control_id bigint NOT NULL,
    language_id bigint NOT NULL,
    name character varying(1000)
);


ALTER TABLE public.check_controls_l10n OWNER TO gtta;

--
-- TOC entry 146 (class 1259 OID 21633)
-- Dependencies: 1984 6
-- Name: check_inputs; Type: TABLE; Schema: public; Owner: gtta; Tablespace: 
--

CREATE TABLE check_inputs (
    id bigint NOT NULL,
    check_id bigint NOT NULL,
    name character varying(1000) NOT NULL,
    description character varying,
    sort_order integer DEFAULT 0 NOT NULL,
    value character varying
);


ALTER TABLE public.check_inputs OWNER TO gtta;

--
-- TOC entry 147 (class 1259 OID 21640)
-- Dependencies: 6 146
-- Name: check_inputs_id_seq; Type: SEQUENCE; Schema: public; Owner: gtta
--

CREATE SEQUENCE check_inputs_id_seq
    START WITH 1
    INCREMENT BY 1
    NO MINVALUE
    NO MAXVALUE
    CACHE 1;


ALTER TABLE public.check_inputs_id_seq OWNER TO gtta;

--
-- TOC entry 2189 (class 0 OID 0)
-- Dependencies: 147
-- Name: check_inputs_id_seq; Type: SEQUENCE OWNED BY; Schema: public; Owner: gtta
--

ALTER SEQUENCE check_inputs_id_seq OWNED BY check_inputs.id;


--
-- TOC entry 2190 (class 0 OID 0)
-- Dependencies: 147
-- Name: check_inputs_id_seq; Type: SEQUENCE SET; Schema: public; Owner: gtta
--

SELECT pg_catalog.setval('check_inputs_id_seq', 42, true);


--
-- TOC entry 148 (class 1259 OID 21642)
-- Dependencies: 6
-- Name: check_inputs_l10n; Type: TABLE; Schema: public; Owner: gtta; Tablespace: 
--

CREATE TABLE check_inputs_l10n (
    check_input_id bigint NOT NULL,
    language_id bigint NOT NULL,
    name character varying(1000),
    description character varying,
    value character varying
);


ALTER TABLE public.check_inputs_l10n OWNER TO gtta;

--
-- TOC entry 149 (class 1259 OID 21648)
-- Dependencies: 1986 6
-- Name: check_results; Type: TABLE; Schema: public; Owner: gtta; Tablespace: 
--

CREATE TABLE check_results (
    id bigint NOT NULL,
    check_id bigint NOT NULL,
    result character varying NOT NULL,
    sort_order integer DEFAULT 0 NOT NULL,
    title character varying(1000) NOT NULL
);


ALTER TABLE public.check_results OWNER TO gtta;

--
-- TOC entry 150 (class 1259 OID 21655)
-- Dependencies: 149 6
-- Name: check_results_id_seq; Type: SEQUENCE; Schema: public; Owner: gtta
--

CREATE SEQUENCE check_results_id_seq
    START WITH 1
    INCREMENT BY 1
    NO MINVALUE
    NO MAXVALUE
    CACHE 1;


ALTER TABLE public.check_results_id_seq OWNER TO gtta;

--
-- TOC entry 2191 (class 0 OID 0)
-- Dependencies: 150
-- Name: check_results_id_seq; Type: SEQUENCE OWNED BY; Schema: public; Owner: gtta
--

ALTER SEQUENCE check_results_id_seq OWNED BY check_results.id;


--
-- TOC entry 2192 (class 0 OID 0)
-- Dependencies: 150
-- Name: check_results_id_seq; Type: SEQUENCE SET; Schema: public; Owner: gtta
--

SELECT pg_catalog.setval('check_results_id_seq', 4, true);


--
-- TOC entry 151 (class 1259 OID 21657)
-- Dependencies: 6
-- Name: check_results_l10n; Type: TABLE; Schema: public; Owner: gtta; Tablespace: 
--

CREATE TABLE check_results_l10n (
    check_result_id bigint NOT NULL,
    language_id bigint NOT NULL,
    result character varying,
    title character varying(1000)
);


ALTER TABLE public.check_results_l10n OWNER TO gtta;

--
-- TOC entry 152 (class 1259 OID 21663)
-- Dependencies: 1988 6
-- Name: check_solutions; Type: TABLE; Schema: public; Owner: gtta; Tablespace: 
--

CREATE TABLE check_solutions (
    id bigint NOT NULL,
    check_id bigint NOT NULL,
    solution character varying NOT NULL,
    sort_order integer DEFAULT 0 NOT NULL,
    title character varying(1000) NOT NULL
);


ALTER TABLE public.check_solutions OWNER TO gtta;

--
-- TOC entry 153 (class 1259 OID 21670)
-- Dependencies: 152 6
-- Name: check_solutions_id_seq; Type: SEQUENCE; Schema: public; Owner: gtta
--

CREATE SEQUENCE check_solutions_id_seq
    START WITH 1
    INCREMENT BY 1
    NO MINVALUE
    NO MAXVALUE
    CACHE 1;


ALTER TABLE public.check_solutions_id_seq OWNER TO gtta;

--
-- TOC entry 2193 (class 0 OID 0)
-- Dependencies: 153
-- Name: check_solutions_id_seq; Type: SEQUENCE OWNED BY; Schema: public; Owner: gtta
--

ALTER SEQUENCE check_solutions_id_seq OWNED BY check_solutions.id;


--
-- TOC entry 2194 (class 0 OID 0)
-- Dependencies: 153
-- Name: check_solutions_id_seq; Type: SEQUENCE SET; Schema: public; Owner: gtta
--

SELECT pg_catalog.setval('check_solutions_id_seq', 6, true);


--
-- TOC entry 154 (class 1259 OID 21672)
-- Dependencies: 6
-- Name: check_solutions_l10n; Type: TABLE; Schema: public; Owner: gtta; Tablespace: 
--

CREATE TABLE check_solutions_l10n (
    check_solution_id bigint NOT NULL,
    language_id bigint NOT NULL,
    solution character varying,
    title character varying(1000)
);


ALTER TABLE public.check_solutions_l10n OWNER TO gtta;

--
-- TOC entry 155 (class 1259 OID 21678)
-- Dependencies: 1990 6
-- Name: checks; Type: TABLE; Schema: public; Owner: gtta; Tablespace: 
--

CREATE TABLE checks (
    id bigint NOT NULL,
    check_control_id bigint NOT NULL,
    name character varying(1000) NOT NULL,
    background_info character varying,
    hints character varying,
    advanced boolean NOT NULL,
    automated boolean NOT NULL,
    script character varying(1000),
    multiple_solutions boolean NOT NULL,
    protocol character varying(1000),
    port integer,
    question character varying,
    reference_id bigint NOT NULL,
    reference_code character varying(1000),
    reference_url character varying(1000),
    effort integer DEFAULT 0 NOT NULL
);


ALTER TABLE public.checks OWNER TO gtta;

--
-- TOC entry 156 (class 1259 OID 21685)
-- Dependencies: 155 6
-- Name: checks_id_seq; Type: SEQUENCE; Schema: public; Owner: gtta
--

CREATE SEQUENCE checks_id_seq
    START WITH 1
    INCREMENT BY 1
    NO MINVALUE
    NO MAXVALUE
    CACHE 1;


ALTER TABLE public.checks_id_seq OWNER TO gtta;

--
-- TOC entry 2195 (class 0 OID 0)
-- Dependencies: 156
-- Name: checks_id_seq; Type: SEQUENCE OWNED BY; Schema: public; Owner: gtta
--

ALTER SEQUENCE checks_id_seq OWNED BY checks.id;


--
-- TOC entry 2196 (class 0 OID 0)
-- Dependencies: 156
-- Name: checks_id_seq; Type: SEQUENCE SET; Schema: public; Owner: gtta
--

SELECT pg_catalog.setval('checks_id_seq', 46, true);


--
-- TOC entry 157 (class 1259 OID 21687)
-- Dependencies: 6
-- Name: checks_l10n; Type: TABLE; Schema: public; Owner: gtta; Tablespace: 
--

CREATE TABLE checks_l10n (
    check_id bigint NOT NULL,
    language_id bigint NOT NULL,
    name character varying(1000),
    background_info character varying,
    hints character varying,
    reference character varying,
    question character varying
);


ALTER TABLE public.checks_l10n OWNER TO gtta;

--
-- TOC entry 158 (class 1259 OID 21693)
-- Dependencies: 6
-- Name: clients; Type: TABLE; Schema: public; Owner: gtta; Tablespace: 
--

CREATE TABLE clients (
    id bigint NOT NULL,
    name character varying(1000) NOT NULL,
    country character varying(1000),
    state character varying(1000),
    city character varying(1000),
    address character varying(1000),
    postcode character varying(1000),
    website character varying(1000),
    contact_name character varying(1000),
    contact_phone character varying(1000),
    contact_email character varying(1000),
    contact_fax character varying(1000)
);


ALTER TABLE public.clients OWNER TO gtta;

--
-- TOC entry 159 (class 1259 OID 21699)
-- Dependencies: 158 6
-- Name: clients_id_seq; Type: SEQUENCE; Schema: public; Owner: gtta
--

CREATE SEQUENCE clients_id_seq
    START WITH 1
    INCREMENT BY 1
    NO MINVALUE
    NO MAXVALUE
    CACHE 1;


ALTER TABLE public.clients_id_seq OWNER TO gtta;

--
-- TOC entry 2197 (class 0 OID 0)
-- Dependencies: 159
-- Name: clients_id_seq; Type: SEQUENCE OWNED BY; Schema: public; Owner: gtta
--

ALTER SEQUENCE clients_id_seq OWNED BY clients.id;


--
-- TOC entry 2198 (class 0 OID 0)
-- Dependencies: 159
-- Name: clients_id_seq; Type: SEQUENCE SET; Schema: public; Owner: gtta
--

SELECT pg_catalog.setval('clients_id_seq', 4, true);


--
-- TOC entry 160 (class 1259 OID 21701)
-- Dependencies: 1993 1994 6
-- Name: emails; Type: TABLE; Schema: public; Owner: gtta; Tablespace: 
--

CREATE TABLE emails (
    id bigint NOT NULL,
    user_id bigint NOT NULL,
    subject character varying(1000) NOT NULL,
    content character varying NOT NULL,
    attempts integer DEFAULT 0 NOT NULL,
    sent boolean DEFAULT false NOT NULL
);


ALTER TABLE public.emails OWNER TO gtta;

--
-- TOC entry 161 (class 1259 OID 21709)
-- Dependencies: 160 6
-- Name: emails_id_seq; Type: SEQUENCE; Schema: public; Owner: gtta
--

CREATE SEQUENCE emails_id_seq
    START WITH 1
    INCREMENT BY 1
    NO MINVALUE
    NO MAXVALUE
    CACHE 1;


ALTER TABLE public.emails_id_seq OWNER TO gtta;

--
-- TOC entry 2199 (class 0 OID 0)
-- Dependencies: 161
-- Name: emails_id_seq; Type: SEQUENCE OWNED BY; Schema: public; Owner: gtta
--

ALTER SEQUENCE emails_id_seq OWNED BY emails.id;


--
-- TOC entry 2200 (class 0 OID 0)
-- Dependencies: 161
-- Name: emails_id_seq; Type: SEQUENCE SET; Schema: public; Owner: gtta
--

SELECT pg_catalog.setval('emails_id_seq', 7, true);


--
-- TOC entry 162 (class 1259 OID 21711)
-- Dependencies: 6
-- Name: languages; Type: TABLE; Schema: public; Owner: gtta; Tablespace: 
--

CREATE TABLE languages (
    id bigint NOT NULL,
    name character varying(1000) NOT NULL,
    code character(2) NOT NULL,
    "default" boolean NOT NULL
);


ALTER TABLE public.languages OWNER TO gtta;

--
-- TOC entry 163 (class 1259 OID 21717)
-- Dependencies: 6 162
-- Name: languages_id_seq; Type: SEQUENCE; Schema: public; Owner: gtta
--

CREATE SEQUENCE languages_id_seq
    START WITH 1
    INCREMENT BY 1
    NO MINVALUE
    NO MAXVALUE
    CACHE 1;


ALTER TABLE public.languages_id_seq OWNER TO gtta;

--
-- TOC entry 2201 (class 0 OID 0)
-- Dependencies: 163
-- Name: languages_id_seq; Type: SEQUENCE OWNED BY; Schema: public; Owner: gtta
--

ALTER SEQUENCE languages_id_seq OWNED BY languages.id;


--
-- TOC entry 2202 (class 0 OID 0)
-- Dependencies: 163
-- Name: languages_id_seq; Type: SEQUENCE SET; Schema: public; Owner: gtta
--

SELECT pg_catalog.setval('languages_id_seq', 3, true);


--
-- TOC entry 164 (class 1259 OID 21719)
-- Dependencies: 6
-- Name: project_details; Type: TABLE; Schema: public; Owner: gtta; Tablespace: 
--

CREATE TABLE project_details (
    id bigint NOT NULL,
    project_id bigint NOT NULL,
    subject character varying(1000) NOT NULL,
    content character varying
);


ALTER TABLE public.project_details OWNER TO gtta;

--
-- TOC entry 165 (class 1259 OID 21725)
-- Dependencies: 164 6
-- Name: project_details_id_seq; Type: SEQUENCE; Schema: public; Owner: gtta
--

CREATE SEQUENCE project_details_id_seq
    START WITH 1
    INCREMENT BY 1
    NO MINVALUE
    NO MAXVALUE
    CACHE 1;


ALTER TABLE public.project_details_id_seq OWNER TO gtta;

--
-- TOC entry 2203 (class 0 OID 0)
-- Dependencies: 165
-- Name: project_details_id_seq; Type: SEQUENCE OWNED BY; Schema: public; Owner: gtta
--

ALTER SEQUENCE project_details_id_seq OWNED BY project_details.id;


--
-- TOC entry 2204 (class 0 OID 0)
-- Dependencies: 165
-- Name: project_details_id_seq; Type: SEQUENCE SET; Schema: public; Owner: gtta
--

SELECT pg_catalog.setval('project_details_id_seq', 3, true);


--
-- TOC entry 187 (class 1259 OID 26344)
-- Dependencies: 2015 6
-- Name: project_users; Type: TABLE; Schema: public; Owner: gtta; Tablespace: 
--

CREATE TABLE project_users (
    project_id bigint NOT NULL,
    user_id bigint NOT NULL,
    admin boolean DEFAULT false NOT NULL
);


ALTER TABLE public.project_users OWNER TO gtta;

--
-- TOC entry 166 (class 1259 OID 21727)
-- Dependencies: 1998 493 6
-- Name: projects; Type: TABLE; Schema: public; Owner: gtta; Tablespace: 
--

CREATE TABLE projects (
    id bigint NOT NULL,
    client_id bigint NOT NULL,
    year character(4) NOT NULL,
    deadline date NOT NULL,
    name character varying(1000) NOT NULL,
    status project_status DEFAULT 'open'::project_status NOT NULL,
    vuln_overdue date
);


ALTER TABLE public.projects OWNER TO gtta;

--
-- TOC entry 167 (class 1259 OID 21734)
-- Dependencies: 166 6
-- Name: projects_id_seq; Type: SEQUENCE; Schema: public; Owner: gtta
--

CREATE SEQUENCE projects_id_seq
    START WITH 1
    INCREMENT BY 1
    NO MINVALUE
    NO MAXVALUE
    CACHE 1;


ALTER TABLE public.projects_id_seq OWNER TO gtta;

--
-- TOC entry 2205 (class 0 OID 0)
-- Dependencies: 167
-- Name: projects_id_seq; Type: SEQUENCE OWNED BY; Schema: public; Owner: gtta
--

ALTER SEQUENCE projects_id_seq OWNED BY projects.id;


--
-- TOC entry 2206 (class 0 OID 0)
-- Dependencies: 167
-- Name: projects_id_seq; Type: SEQUENCE SET; Schema: public; Owner: gtta
--

SELECT pg_catalog.setval('projects_id_seq', 12, true);


--
-- TOC entry 168 (class 1259 OID 21736)
-- Dependencies: 6
-- Name: references; Type: TABLE; Schema: public; Owner: gtta; Tablespace: 
--

CREATE TABLE "references" (
    id bigint NOT NULL,
    name character varying(1000) NOT NULL,
    url character varying(1000)
);


ALTER TABLE public."references" OWNER TO gtta;

--
-- TOC entry 169 (class 1259 OID 21742)
-- Dependencies: 168 6
-- Name: references_id_seq; Type: SEQUENCE; Schema: public; Owner: gtta
--

CREATE SEQUENCE references_id_seq
    START WITH 1
    INCREMENT BY 1
    NO MINVALUE
    NO MAXVALUE
    CACHE 1;


ALTER TABLE public.references_id_seq OWNER TO gtta;

--
-- TOC entry 2207 (class 0 OID 0)
-- Dependencies: 169
-- Name: references_id_seq; Type: SEQUENCE OWNED BY; Schema: public; Owner: gtta
--

ALTER SEQUENCE references_id_seq OWNED BY "references".id;


--
-- TOC entry 2208 (class 0 OID 0)
-- Dependencies: 169
-- Name: references_id_seq; Type: SEQUENCE SET; Schema: public; Owner: gtta
--

SELECT pg_catalog.setval('references_id_seq', 2, true);


--
-- TOC entry 183 (class 1259 OID 22073)
-- Dependencies: 6
-- Name: risk_categories; Type: TABLE; Schema: public; Owner: gtta; Tablespace: 
--

CREATE TABLE risk_categories (
    id bigint NOT NULL,
    name character varying(1000),
    risk_template_id bigint NOT NULL
);


ALTER TABLE public.risk_categories OWNER TO gtta;

--
-- TOC entry 182 (class 1259 OID 22071)
-- Dependencies: 183 6
-- Name: risk_categories_id_seq; Type: SEQUENCE; Schema: public; Owner: gtta
--

CREATE SEQUENCE risk_categories_id_seq
    START WITH 1
    INCREMENT BY 1
    NO MINVALUE
    NO MAXVALUE
    CACHE 1;


ALTER TABLE public.risk_categories_id_seq OWNER TO gtta;

--
-- TOC entry 2209 (class 0 OID 0)
-- Dependencies: 182
-- Name: risk_categories_id_seq; Type: SEQUENCE OWNED BY; Schema: public; Owner: gtta
--

ALTER SEQUENCE risk_categories_id_seq OWNED BY risk_categories.id;


--
-- TOC entry 2210 (class 0 OID 0)
-- Dependencies: 182
-- Name: risk_categories_id_seq; Type: SEQUENCE SET; Schema: public; Owner: gtta
--

SELECT pg_catalog.setval('risk_categories_id_seq', 18, true);


--
-- TOC entry 184 (class 1259 OID 22082)
-- Dependencies: 6
-- Name: risk_categories_l10n; Type: TABLE; Schema: public; Owner: gtta; Tablespace: 
--

CREATE TABLE risk_categories_l10n (
    risk_category_id bigint NOT NULL,
    language_id bigint NOT NULL,
    name character varying(1000)
);


ALTER TABLE public.risk_categories_l10n OWNER TO gtta;

--
-- TOC entry 185 (class 1259 OID 24899)
-- Dependencies: 2013 2014 6
-- Name: risk_category_checks; Type: TABLE; Schema: public; Owner: gtta; Tablespace: 
--

CREATE TABLE risk_category_checks (
    risk_category_id bigint NOT NULL,
    check_id bigint NOT NULL,
    damage integer DEFAULT 0 NOT NULL,
    likelihood integer DEFAULT 0 NOT NULL
);


ALTER TABLE public.risk_category_checks OWNER TO gtta;

--
-- TOC entry 189 (class 1259 OID 26361)
-- Dependencies: 6
-- Name: risk_templates; Type: TABLE; Schema: public; Owner: gtta; Tablespace: 
--

CREATE TABLE risk_templates (
    id bigint NOT NULL,
    name character varying(1000)
);


ALTER TABLE public.risk_templates OWNER TO gtta;

--
-- TOC entry 188 (class 1259 OID 26359)
-- Dependencies: 6 189
-- Name: risk_templates_id_seq; Type: SEQUENCE; Schema: public; Owner: gtta
--

CREATE SEQUENCE risk_templates_id_seq
    START WITH 1
    INCREMENT BY 1
    NO MINVALUE
    NO MAXVALUE
    CACHE 1;


ALTER TABLE public.risk_templates_id_seq OWNER TO gtta;

--
-- TOC entry 2211 (class 0 OID 0)
-- Dependencies: 188
-- Name: risk_templates_id_seq; Type: SEQUENCE OWNED BY; Schema: public; Owner: gtta
--

ALTER SEQUENCE risk_templates_id_seq OWNED BY risk_templates.id;


--
-- TOC entry 2212 (class 0 OID 0)
-- Dependencies: 188
-- Name: risk_templates_id_seq; Type: SEQUENCE SET; Schema: public; Owner: gtta
--

SELECT pg_catalog.setval('risk_templates_id_seq', 5, true);


--
-- TOC entry 190 (class 1259 OID 26370)
-- Dependencies: 6
-- Name: risk_templates_l10n; Type: TABLE; Schema: public; Owner: gtta; Tablespace: 
--

CREATE TABLE risk_templates_l10n (
    risk_template_id bigint NOT NULL,
    language_id bigint NOT NULL,
    name character varying(1000)
);


ALTER TABLE public.risk_templates_l10n OWNER TO gtta;

--
-- TOC entry 186 (class 1259 OID 26336)
-- Dependencies: 6
-- Name: sessions; Type: TABLE; Schema: public; Owner: gtta; Tablespace: 
--

CREATE TABLE sessions (
    id character(32) NOT NULL,
    expire integer,
    data text
);


ALTER TABLE public.sessions OWNER TO gtta;

--
-- TOC entry 170 (class 1259 OID 21744)
-- Dependencies: 6
-- Name: system; Type: TABLE; Schema: public; Owner: gtta; Tablespace: 
--

CREATE TABLE system (
    id bigint NOT NULL,
    backup timestamp without time zone
);


ALTER TABLE public.system OWNER TO gtta;

--
-- TOC entry 171 (class 1259 OID 21747)
-- Dependencies: 170 6
-- Name: system_id_seq; Type: SEQUENCE; Schema: public; Owner: gtta
--

CREATE SEQUENCE system_id_seq
    START WITH 1
    INCREMENT BY 1
    NO MINVALUE
    NO MAXVALUE
    CACHE 1;


ALTER TABLE public.system_id_seq OWNER TO gtta;

--
-- TOC entry 2213 (class 0 OID 0)
-- Dependencies: 171
-- Name: system_id_seq; Type: SEQUENCE OWNED BY; Schema: public; Owner: gtta
--

ALTER SEQUENCE system_id_seq OWNED BY system.id;


--
-- TOC entry 2214 (class 0 OID 0)
-- Dependencies: 171
-- Name: system_id_seq; Type: SEQUENCE SET; Schema: public; Owner: gtta
--

SELECT pg_catalog.setval('system_id_seq', 2, true);


--
-- TOC entry 172 (class 1259 OID 21749)
-- Dependencies: 2002 6
-- Name: target_check_attachments; Type: TABLE; Schema: public; Owner: gtta; Tablespace: 
--

CREATE TABLE target_check_attachments (
    target_id bigint NOT NULL,
    check_id bigint NOT NULL,
    name character varying(1000) NOT NULL,
    type character varying(1000) NOT NULL,
    path character varying(1000) NOT NULL,
    size bigint DEFAULT 0 NOT NULL
);


ALTER TABLE public.target_check_attachments OWNER TO gtta;

--
-- TOC entry 173 (class 1259 OID 21756)
-- Dependencies: 2003 2004 2005 2006 2007 6
-- Name: target_check_categories; Type: TABLE; Schema: public; Owner: gtta; Tablespace: 
--

CREATE TABLE target_check_categories (
    target_id bigint NOT NULL,
    check_category_id bigint NOT NULL,
    advanced boolean NOT NULL,
    check_count bigint DEFAULT 0 NOT NULL,
    finished_count bigint DEFAULT 0 NOT NULL,
    low_risk_count bigint DEFAULT 0 NOT NULL,
    med_risk_count bigint DEFAULT 0 NOT NULL,
    high_risk_count bigint DEFAULT 0 NOT NULL
);


ALTER TABLE public.target_check_categories OWNER TO gtta;

--
-- TOC entry 174 (class 1259 OID 21764)
-- Dependencies: 6
-- Name: target_check_inputs; Type: TABLE; Schema: public; Owner: gtta; Tablespace: 
--

CREATE TABLE target_check_inputs (
    target_id bigint NOT NULL,
    check_input_id bigint NOT NULL,
    value character varying,
    file character varying(1000),
    check_id bigint NOT NULL
);


ALTER TABLE public.target_check_inputs OWNER TO gtta;

--
-- TOC entry 175 (class 1259 OID 21770)
-- Dependencies: 6
-- Name: target_check_solutions; Type: TABLE; Schema: public; Owner: gtta; Tablespace: 
--

CREATE TABLE target_check_solutions (
    target_id bigint NOT NULL,
    check_solution_id bigint NOT NULL,
    check_id bigint NOT NULL
);


ALTER TABLE public.target_check_solutions OWNER TO gtta;

--
-- TOC entry 191 (class 1259 OID 26906)
-- Dependencies: 2017 649 6
-- Name: target_check_vulns; Type: TABLE; Schema: public; Owner: gtta; Tablespace: 
--

CREATE TABLE target_check_vulns (
    target_id bigint NOT NULL,
    check_id bigint NOT NULL,
    user_id bigint,
    deadline date,
    status vuln_status DEFAULT 'open'::vuln_status NOT NULL
);


ALTER TABLE public.target_check_vulns OWNER TO gtta;

--
-- TOC entry 176 (class 1259 OID 21773)
-- Dependencies: 2008 487 490 6
-- Name: target_checks; Type: TABLE; Schema: public; Owner: gtta; Tablespace: 
--

CREATE TABLE target_checks (
    target_id bigint NOT NULL,
    check_id bigint NOT NULL,
    result character varying,
    target_file character varying(1000),
    rating check_rating,
    started timestamp without time zone,
    pid bigint,
    status check_status DEFAULT 'open'::check_status NOT NULL,
    result_file character varying(1000),
    language_id bigint NOT NULL,
    protocol character varying(1000),
    port integer,
    override_target character varying(1000),
    user_id bigint NOT NULL
);


ALTER TABLE public.target_checks OWNER TO gtta;

--
-- TOC entry 177 (class 1259 OID 21780)
-- Dependencies: 6
-- Name: target_references; Type: TABLE; Schema: public; Owner: gtta; Tablespace: 
--

CREATE TABLE target_references (
    target_id bigint NOT NULL,
    reference_id bigint NOT NULL
);


ALTER TABLE public.target_references OWNER TO gtta;

--
-- TOC entry 178 (class 1259 OID 21783)
-- Dependencies: 6
-- Name: targets; Type: TABLE; Schema: public; Owner: gtta; Tablespace: 
--

CREATE TABLE targets (
    id bigint NOT NULL,
    project_id bigint NOT NULL,
    host character varying(1000) NOT NULL
);


ALTER TABLE public.targets OWNER TO gtta;

--
-- TOC entry 179 (class 1259 OID 21789)
-- Dependencies: 178 6
-- Name: targets_id_seq; Type: SEQUENCE; Schema: public; Owner: gtta
--

CREATE SEQUENCE targets_id_seq
    START WITH 1
    INCREMENT BY 1
    NO MINVALUE
    NO MAXVALUE
    CACHE 1;


ALTER TABLE public.targets_id_seq OWNER TO gtta;

--
-- TOC entry 2215 (class 0 OID 0)
-- Dependencies: 179
-- Name: targets_id_seq; Type: SEQUENCE OWNED BY; Schema: public; Owner: gtta
--

ALTER SEQUENCE targets_id_seq OWNED BY targets.id;


--
-- TOC entry 2216 (class 0 OID 0)
-- Dependencies: 179
-- Name: targets_id_seq; Type: SEQUENCE SET; Schema: public; Owner: gtta
--

SELECT pg_catalog.setval('targets_id_seq', 5, true);


--
-- TOC entry 180 (class 1259 OID 21791)
-- Dependencies: 2010 6 496
-- Name: users; Type: TABLE; Schema: public; Owner: gtta; Tablespace: 
--

CREATE TABLE users (
    id bigint NOT NULL,
    email character varying(1000) NOT NULL,
    password character varying(1000) NOT NULL,
    name character varying(1000),
    client_id bigint,
    role user_role DEFAULT 'admin'::user_role NOT NULL
);


ALTER TABLE public.users OWNER TO gtta;

--
-- TOC entry 181 (class 1259 OID 21798)
-- Dependencies: 6 180
-- Name: users_id_seq; Type: SEQUENCE; Schema: public; Owner: gtta
--

CREATE SEQUENCE users_id_seq
    START WITH 1
    INCREMENT BY 1
    NO MINVALUE
    NO MAXVALUE
    CACHE 1;


ALTER TABLE public.users_id_seq OWNER TO gtta;

--
-- TOC entry 2217 (class 0 OID 0)
-- Dependencies: 181
-- Name: users_id_seq; Type: SEQUENCE OWNED BY; Schema: public; Owner: gtta
--

ALTER SEQUENCE users_id_seq OWNED BY users.id;


--
-- TOC entry 2218 (class 0 OID 0)
-- Dependencies: 181
-- Name: users_id_seq; Type: SEQUENCE SET; Schema: public; Owner: gtta
--

SELECT pg_catalog.setval('users_id_seq', 3, true);


--
-- TOC entry 1982 (class 2604 OID 21800)
-- Dependencies: 141 140
-- Name: id; Type: DEFAULT; Schema: public; Owner: gtta
--

ALTER TABLE ONLY check_categories ALTER COLUMN id SET DEFAULT nextval('check_categories_id_seq'::regclass);


--
-- TOC entry 1983 (class 2604 OID 21801)
-- Dependencies: 144 143
-- Name: id; Type: DEFAULT; Schema: public; Owner: gtta
--

ALTER TABLE ONLY check_controls ALTER COLUMN id SET DEFAULT nextval('check_controls_id_seq'::regclass);


--
-- TOC entry 1985 (class 2604 OID 21802)
-- Dependencies: 147 146
-- Name: id; Type: DEFAULT; Schema: public; Owner: gtta
--

ALTER TABLE ONLY check_inputs ALTER COLUMN id SET DEFAULT nextval('check_inputs_id_seq'::regclass);


--
-- TOC entry 1987 (class 2604 OID 21803)
-- Dependencies: 150 149
-- Name: id; Type: DEFAULT; Schema: public; Owner: gtta
--

ALTER TABLE ONLY check_results ALTER COLUMN id SET DEFAULT nextval('check_results_id_seq'::regclass);


--
-- TOC entry 1989 (class 2604 OID 21804)
-- Dependencies: 153 152
-- Name: id; Type: DEFAULT; Schema: public; Owner: gtta
--

ALTER TABLE ONLY check_solutions ALTER COLUMN id SET DEFAULT nextval('check_solutions_id_seq'::regclass);


--
-- TOC entry 1991 (class 2604 OID 21805)
-- Dependencies: 156 155
-- Name: id; Type: DEFAULT; Schema: public; Owner: gtta
--

ALTER TABLE ONLY checks ALTER COLUMN id SET DEFAULT nextval('checks_id_seq'::regclass);


--
-- TOC entry 1992 (class 2604 OID 21806)
-- Dependencies: 159 158
-- Name: id; Type: DEFAULT; Schema: public; Owner: gtta
--

ALTER TABLE ONLY clients ALTER COLUMN id SET DEFAULT nextval('clients_id_seq'::regclass);


--
-- TOC entry 1995 (class 2604 OID 21807)
-- Dependencies: 161 160
-- Name: id; Type: DEFAULT; Schema: public; Owner: gtta
--

ALTER TABLE ONLY emails ALTER COLUMN id SET DEFAULT nextval('emails_id_seq'::regclass);


--
-- TOC entry 1996 (class 2604 OID 21808)
-- Dependencies: 163 162
-- Name: id; Type: DEFAULT; Schema: public; Owner: gtta
--

ALTER TABLE ONLY languages ALTER COLUMN id SET DEFAULT nextval('languages_id_seq'::regclass);


--
-- TOC entry 1997 (class 2604 OID 21809)
-- Dependencies: 165 164
-- Name: id; Type: DEFAULT; Schema: public; Owner: gtta
--

ALTER TABLE ONLY project_details ALTER COLUMN id SET DEFAULT nextval('project_details_id_seq'::regclass);


--
-- TOC entry 1999 (class 2604 OID 21810)
-- Dependencies: 167 166
-- Name: id; Type: DEFAULT; Schema: public; Owner: gtta
--

ALTER TABLE ONLY projects ALTER COLUMN id SET DEFAULT nextval('projects_id_seq'::regclass);


--
-- TOC entry 2000 (class 2604 OID 21811)
-- Dependencies: 169 168
-- Name: id; Type: DEFAULT; Schema: public; Owner: gtta
--

ALTER TABLE ONLY "references" ALTER COLUMN id SET DEFAULT nextval('references_id_seq'::regclass);


--
-- TOC entry 2012 (class 2604 OID 22076)
-- Dependencies: 183 182 183
-- Name: id; Type: DEFAULT; Schema: public; Owner: gtta
--

ALTER TABLE ONLY risk_categories ALTER COLUMN id SET DEFAULT nextval('risk_categories_id_seq'::regclass);


--
-- TOC entry 2016 (class 2604 OID 26364)
-- Dependencies: 188 189 189
-- Name: id; Type: DEFAULT; Schema: public; Owner: gtta
--

ALTER TABLE ONLY risk_templates ALTER COLUMN id SET DEFAULT nextval('risk_templates_id_seq'::regclass);


--
-- TOC entry 2001 (class 2604 OID 21812)
-- Dependencies: 171 170
-- Name: id; Type: DEFAULT; Schema: public; Owner: gtta
--

ALTER TABLE ONLY system ALTER COLUMN id SET DEFAULT nextval('system_id_seq'::regclass);


--
-- TOC entry 2009 (class 2604 OID 21813)
-- Dependencies: 179 178
-- Name: id; Type: DEFAULT; Schema: public; Owner: gtta
--

ALTER TABLE ONLY targets ALTER COLUMN id SET DEFAULT nextval('targets_id_seq'::regclass);


--
-- TOC entry 2011 (class 2604 OID 21814)
-- Dependencies: 181 180
-- Name: id; Type: DEFAULT; Schema: public; Owner: gtta
--

ALTER TABLE ONLY users ALTER COLUMN id SET DEFAULT nextval('users_id_seq'::regclass);


--
-- TOC entry 2145 (class 0 OID 21605)
-- Dependencies: 140
-- Data for Name: check_categories; Type: TABLE DATA; Schema: public; Owner: gtta
--

COPY check_categories (id, name) FROM stdin;
2	FTP
3	SMTP
4	SSH
5	TCP
6	Web Anonymous
1	DNS
8	Eine Kleine
10	zed
9	AUTHENTICATED WEB CHECKS
\.


--
-- TOC entry 2146 (class 0 OID 21613)
-- Dependencies: 142
-- Data for Name: check_categories_l10n; Type: TABLE DATA; Schema: public; Owner: gtta
--

COPY check_categories_l10n (check_category_id, language_id, name) FROM stdin;
2	1	FTP
2	2	\N
3	1	SMTP
3	2	\N
4	1	SSH
4	2	\N
5	1	TCP
5	2	\N
6	1	Web Anonymous
6	2	\N
1	1	DNS
1	2	\N
8	1	\N
8	2	Eine Kleine
10	1	zed
10	2	\N
9	1	AUTHENTICATED WEB CHECKS
9	2	Piuyyy
\.


--
-- TOC entry 2147 (class 0 OID 21619)
-- Dependencies: 143
-- Data for Name: check_controls; Type: TABLE DATA; Schema: public; Owner: gtta
--

COPY check_controls (id, check_category_id, name) FROM stdin;
1	1	Default
2	2	Default
3	3	Default
4	4	Default
5	5	Default
6	6	Default
7	1	This is a long name of the control
9	1	Some other important stuff
11	1	Empty Control
8	1	Session Handling
10	9	SESSION HANDLING & COOKIES
\.


--
-- TOC entry 2148 (class 0 OID 21627)
-- Dependencies: 145
-- Data for Name: check_controls_l10n; Type: TABLE DATA; Schema: public; Owner: gtta
--

COPY check_controls_l10n (check_control_id, language_id, name) FROM stdin;
1	1	Default
1	2	\N
2	1	Default
2	2	\N
3	1	Default
3	2	\N
4	1	Default
4	2	\N
5	1	Default
5	2	\N
6	1	Default
6	2	\N
7	1	This is a long name of the control
7	2	\N
9	1	Some other important stuff
9	2	\N
11	1	Empty Control
11	2	\N
8	1	Session Handling
8	2	\N
10	1	SESSION HANDLING & COOKIES
10	2	\N
\.


--
-- TOC entry 2149 (class 0 OID 21633)
-- Dependencies: 146
-- Data for Name: check_inputs; Type: TABLE DATA; Schema: public; Owner: gtta
--

COPY check_inputs (id, check_id, name, description, sort_order, value) FROM stdin;
1	1	Hostname		0	
5	5	Timeout		0	120
6	5	Debug		1	1
7	6	Show All		0	0
8	8	Timeout		0	10
9	8	Max Results		1	100
10	8	Mode	Operation mode: 0 - output generated list only, 1 - resolve IP check	2	1
11	12	Hostname		0	
12	13	Hostname		0	
13	15	Long List		0	0
14	16	Long List		0	0
15	17	Users		0	
16	17	Passwords		1	
17	20	Recipient		0	
18	20	Server		1	
19	20	Login		2	
20	20	Password		3	
21	20	Sender		4	
22	20	Folder		5	
23	21	Timeout		0	10
24	21	Source E-mail		1	source@gmail.com
25	21	Destination E-mail		2	destination@gmail.com
26	22	Users		0	
27	22	Passwords		1	
28	23	Port Range	Port range that will be passed to nmap. Please use nmap syntax for -p command line argument (for example, 22; 1-65535; U:53,111,137,T:21-25,80,139,8080)	0	
29	23	Timeout	Timeout in milliseconds.	1	1000
30	24	Port Range	2 lines: start and end of the range.	0	1\r\n80
31	26	Range Count		0	10
32	32	Code	Possible values: php, cfm, asp.	0	php
34	35	Paths		0	
33	34	URLs		0	
35	36	Paths		0	
36	37	Paths		0	
37	42	Timeout		0	10
38	43	Page Type	Possible values: php, asp.	0	php
39	43	Cookies		1	
40	43	URL Limit		2	100
42	45	Hostname		0	
\.


--
-- TOC entry 2150 (class 0 OID 21642)
-- Dependencies: 148
-- Data for Name: check_inputs_l10n; Type: TABLE DATA; Schema: public; Owner: gtta
--

COPY check_inputs_l10n (check_input_id, language_id, name, description, value) FROM stdin;
1	1	Hostname	\N	\N
1	2	\N	\N	\N
5	1	Timeout	\N	120
5	2	\N	\N	\N
6	1	Debug	\N	1
6	2	\N	\N	\N
7	1	Show All	\N	0
7	2	\N	\N	\N
8	1	Timeout	\N	10
8	2	\N	\N	\N
9	1	Max Results	\N	100
9	2	\N	\N	\N
10	1	Mode	Operation mode: 0 - output generated list only, 1 - resolve IP check	1
10	2	\N	\N	\N
11	1	Hostname	\N	\N
11	2	\N	\N	\N
12	1	Hostname	\N	\N
12	2	\N	\N	\N
13	1	Long List	\N	0
13	2	\N	\N	\N
14	1	Long List	\N	0
14	2	\N	\N	\N
15	1	Users	\N	\N
15	2	\N	\N	\N
16	1	Passwords	\N	\N
16	2	\N	\N	\N
17	1	Recipient	\N	\N
17	2	\N	\N	\N
18	1	Server	\N	\N
18	2	\N	\N	\N
19	1	Login	\N	\N
19	2	\N	\N	\N
20	1	Password	\N	\N
20	2	\N	\N	\N
21	1	Sender	\N	\N
21	2	\N	\N	\N
22	1	Folder	\N	\N
22	2	\N	\N	\N
23	1	Timeout	\N	10
23	2	\N	\N	\N
24	1	Source E-mail	\N	source@gmail.com
24	2	\N	\N	\N
25	1	Destination E-mail	\N	destination@gmail.com
25	2	\N	\N	\N
26	1	Users	\N	\N
26	2	\N	\N	\N
27	1	Passwords	\N	\N
27	2	\N	\N	\N
28	1	Port Range	Port range that will be passed to nmap. Please use nmap syntax for -p command line argument (for example, 22; 1-65535; U:53,111,137,T:21-25,80,139,8080)	\N
28	2	\N	\N	\N
29	1	Timeout	Timeout in milliseconds.	1000
29	2	\N	\N	\N
30	1	Port Range	2 lines: start and end of the range.	1\r\n80
30	2	\N	\N	\N
31	1	Range Count	\N	10
31	2	\N	\N	\N
32	1	Code	Possible values: php, cfm, asp.	php
32	2	\N	\N	\N
34	1	Paths	\N	\N
34	2	\N	\N	\N
33	1	URLs	\N	\N
33	2	\N	\N	\N
35	1	Paths	\N	\N
35	2	\N	\N	\N
36	1	Paths	\N	\N
36	2	\N	\N	\N
37	1	Timeout	\N	10
37	2	\N	\N	\N
38	1	Page Type	Possible values: php, asp.	php
38	2	\N	\N	\N
39	1	Cookie	\N	\N
39	2	\N	\N	\N
40	1	URL Limit	\N	100
40	2	\N	\N	\N
42	1	Hostname	\N	\N
42	2	\N	\N	\N
\.


--
-- TOC entry 2151 (class 0 OID 21648)
-- Dependencies: 149
-- Data for Name: check_results; Type: TABLE DATA; Schema: public; Owner: gtta
--

COPY check_results (id, check_id, result, sort_order, title) FROM stdin;
3	3	Resulten	1	Test Deutsche
2	3	Here is no formatting at all - because this field is plain text. Please humble with that.\r\n\r\nLine span.	0	Test English
\.


--
-- TOC entry 2152 (class 0 OID 21657)
-- Dependencies: 151
-- Data for Name: check_results_l10n; Type: TABLE DATA; Schema: public; Owner: gtta
--

COPY check_results_l10n (check_result_id, language_id, result, title) FROM stdin;
3	1	\N	\N
3	2	Resulten	Test Deutsche
2	1	Here is no formatting at all - because this field is plain text. Please humble with that.\r\n\r\nLine span.	Test English
2	2	Result ' Pizda Dzhigurda (de)	Zuzuz
\.


--
-- TOC entry 2153 (class 0 OID 21663)
-- Dependencies: 152
-- Data for Name: check_solutions; Type: TABLE DATA; Schema: public; Owner: gtta
--

COPY check_solutions (id, check_id, solution, sort_order, title) FROM stdin;
5	3	i love you too	1	tears of prophecy
4	3	<i>zoo</i><br><i>gooooo<br><br></i>pom pom<br><i><br></i><b>black</b>	0	aduljadei
\.


--
-- TOC entry 2154 (class 0 OID 21672)
-- Dependencies: 154
-- Data for Name: check_solutions_l10n; Type: TABLE DATA; Schema: public; Owner: gtta
--

COPY check_solutions_l10n (check_solution_id, language_id, solution, title) FROM stdin;
5	1	i love you too	tears of prophecy
5	2	ich liebe dir	\N
4	1	<i>zoo</i><br><i>gooooo<br><br></i>pom pom<br><i><br></i><b>black</b>	aduljadei
4	2	\N	\N
\.


--
-- TOC entry 2155 (class 0 OID 21678)
-- Dependencies: 155
-- Data for Name: checks; Type: TABLE DATA; Schema: public; Owner: gtta
--

COPY checks (id, check_control_id, name, background_info, hints, advanced, automated, script, multiple_solutions, protocol, port, question, reference_id, reference_code, reference_url, effort) FROM stdin;
7	1	DNS IP Range			f	t	dns_ip_range.pl	f		\N		1			2
9	1	DNS NIC Whois			f	t	nic_whois.pl	f		\N		1			2
10	1	DNS NS Version			f	t	ns_version.pl	f		\N		1			2
12	1	DNS SOA			f	t	dns_soa.py	f		\N		1			2
13	1	DNS SPF			f	t	dns_spf.py	f		\N		1			2
15	1	DNS Subdomain Bruteforce			f	t	subdomain_bruteforce.pl	f		\N		1			2
16	1	DNS Top TLDs			f	t	dns_top_tlds.pl	f		\N		1			2
17	2	FTP Bruteforce			f	t	ftp_bruteforce.pl	f		\N		1			2
18	3	SMTP Banner			f	t	smtp_banner.py	f		\N		1			2
19	3	SMTP DNSBL			f	t	smtp_dnsbl.py	f		\N		1			2
20	3	SMTP Filter			f	t	smtp_filter.py	f		\N		1			2
21	3	SMTP Relay			f	t	smtp_relay.pl	f		\N		1			2
22	4	SSH Bruteforce			f	t	ssh_bruteforce.pl	f		\N		1			2
23	5	Nmap Port Scan			f	t	pscan.pl	f		\N		1			2
24	5	TCP Port Scan			f	t	portscan.pl	f		\N		1			2
25	5	TCP Traceroute			f	t	tcp_traceroute.py	f		80		1			2
26	6	Apache DoS			f	t	apache_dos.pl	f		\N		1			2
27	6	Fuzz Check			f	t	fuzz_check.pl	f		\N		1			2
28	6	Google URL			f	t	google_url.pl	f		\N		1			2
29	6	Grep URL			f	t	grep_url.pl	f	http	\N		1			2
30	6	HTTP Banner			f	t	http_banner.pl	f	http	\N		1			2
31	6	Joomla Scan			f	t	joomla_scan.pl	f	http	\N		1			2
32	6	Login Pages			f	t	login_pages.pl	f	http	\N		1			2
33	6	Nikto			f	t	nikto.pl	f	http	80		1			2
34	6	URL Scan			f	t	urlscan.pl	f	http	\N		1			2
35	6	Web Auth Scanner			f	t	www_auth_scanner.pl	f	http	80		1			2
36	6	Web Directory Scanner			f	t	www_dir_scanner.pl	f	http	80		1			2
37	6	Web File Scanner			f	t	www_file_scanner.pl	f	http	80		1			2
38	6	Web HTTP Methods			f	t	web_http_methods.py	f		\N		1			2
39	6	Web Server CMS			f	t	webserver_cms.pl	f		\N		1			2
40	6	Web Server Error Message			f	t	webserver_error_msg.pl	f		\N		1			2
41	6	Web Server Files			f	t	webserver_files.pl	f		\N		1			2
42	6	Web Server SSL			f	t	webserver_ssl.pl	f		\N		1			2
43	6	Web SQL XSS			f	t	web_sql_xss.py	f		\N		1			2
1	7	DNS A			f	t	dns_a.py	f		\N		1			2
5	7	DNS Find NS			f	t	dns_find_ns.pl	f		\N		1			2
8	8	DNS NIC Typosquatting			f	t	nic_typosquatting.pl	f		\N		1			2
11	8	DNS Resolve IP			f	t	dns_resolve_ip.pl	f		\N		1			2
14	9	DNS SPF (Perl)			f	t	dns_spf.pl	f		\N		1			2
45	1	DNS A (Non-Recursive)			f	t	dns_a_nr.py	f		\N		1			2
6	1	DNS Hosting	hello		f	t	dns_hosting.py	f		\N		1			2
46	10	Scan Something			f	t	scan_something.py	f		\N		1			2
3	1	DNS AFXR	hey <b>fuck \\' sss</b><br><b>How are you?<br></b>sd<br><b></b>1. this is some kind of list<br>2. lololo upup up<br>sdfa<br>asdf<br>asdf<br>sdd<br>sdf<br>sdf	jjj<br>what the fuck did you do?	f	t	dns_afxr.pl	f		\N	No more no more	1			2
\.


--
-- TOC entry 2156 (class 0 OID 21687)
-- Dependencies: 157
-- Data for Name: checks_l10n; Type: TABLE DATA; Schema: public; Owner: gtta
--

COPY checks_l10n (check_id, language_id, name, background_info, hints, reference, question) FROM stdin;
7	1	DNS IP Range	\N	\N	\N	\N
7	2	\N	\N	\N	\N	\N
9	1	DNS NIC Whois	\N	\N	\N	\N
9	2	\N	\N	\N	\N	\N
10	1	DNS NS Version	\N	\N	\N	\N
10	2	\N	\N	\N	\N	\N
12	1	DNS SOA	\N	\N	\N	\N
12	2	\N	\N	\N	\N	\N
13	1	DNS SPF	\N	\N	\N	\N
13	2	\N	\N	\N	\N	\N
15	1	DNS Subdomain Bruteforce	\N	\N	\N	\N
15	2	\N	\N	\N	\N	\N
16	1	DNS Top TLDs	\N	\N	\N	\N
16	2	\N	\N	\N	\N	\N
17	1	FTP Bruteforce	\N	\N	\N	\N
17	2	\N	\N	\N	\N	\N
18	1	SMTP Banner	\N	\N	\N	\N
18	2	\N	\N	\N	\N	\N
19	1	SMTP DNSBL	\N	\N	\N	\N
19	2	\N	\N	\N	\N	\N
20	1	SMTP Filter	\N	\N	\N	\N
20	2	\N	\N	\N	\N	\N
21	1	SMTP Relay	\N	\N	\N	\N
21	2	\N	\N	\N	\N	\N
22	1	SSH Bruteforce	\N	\N	\N	\N
22	2	\N	\N	\N	\N	\N
23	1	Nmap Port Scan	\N	\N	\N	\N
23	2	\N	\N	\N	\N	\N
24	1	TCP Port Scan	\N	\N	\N	\N
24	2	\N	\N	\N	\N	\N
25	1	TCP Traceroute	\N	\N	\N	\N
25	2	\N	\N	\N	\N	\N
26	1	Apache DoS	\N	\N	\N	\N
26	2	\N	\N	\N	\N	\N
27	1	Fuzz Check	\N	\N	\N	\N
27	2	\N	\N	\N	\N	\N
28	1	Google URL	\N	\N	\N	\N
28	2	\N	\N	\N	\N	\N
29	1	Grep URL	\N	\N	\N	\N
29	2	\N	\N	\N	\N	\N
30	1	HTTP Banner	\N	\N	\N	\N
30	2	\N	\N	\N	\N	\N
31	1	Joomla Scan	\N	\N	\N	\N
31	2	\N	\N	\N	\N	\N
32	1	Login Pages	\N	\N	\N	\N
32	2	\N	\N	\N	\N	\N
33	1	Nikto	\N	\N	\N	\N
33	2	\N	\N	\N	\N	\N
34	1	URL Scan	\N	\N	\N	\N
34	2	\N	\N	\N	\N	\N
35	1	Web Auth Scanner	\N	\N	\N	\N
35	2	\N	\N	\N	\N	\N
36	1	Web Directory Scanner	\N	\N	\N	\N
36	2	\N	\N	\N	\N	\N
37	1	Web File Scanner	\N	\N	\N	\N
37	2	\N	\N	\N	\N	\N
38	1	Web HTTP Methods	\N	\N	\N	\N
38	2	\N	\N	\N	\N	\N
39	1	Web Server CMS	\N	\N	\N	\N
39	2	\N	\N	\N	\N	\N
40	1	Web Server Error Message	\N	\N	\N	\N
40	2	\N	\N	\N	\N	\N
41	1	Web Server Files	\N	\N	\N	\N
41	2	\N	\N	\N	\N	\N
42	1	Web Server SSL	\N	\N	\N	\N
42	2	\N	\N	\N	\N	\N
43	1	Web SQL XSS	\N	\N	\N	\N
43	2	\N	\N	\N	\N	\N
1	1	DNS A	\N	\N	\N	\N
1	2	\N	\N	\N	\N	\N
5	1	DNS Find NS	\N	\N	\N	\N
5	2	\N	\N	\N	\N	\N
8	1	DNS NIC Typosquatting	\N	\N	\N	\N
8	2	\N	\N	\N	\N	\N
11	1	DNS Resolve IP	\N	\N	\N	\N
11	2	\N	\N	\N	\N	\N
14	1	DNS SPF (Perl)	\N	\N	\N	\N
14	2	\N	\N	\N	\N	\N
45	1	DNS A (Non-Recursive)	\N	\N	\N	\N
45	2	\N	\N	\N	\N	\N
6	1	DNS Hosting	hello	\N	\N	\N
6	2	\N	\N	\N	\N	\N
46	1	Scan Something	\N	\N	\N	\N
46	2	\N	\N	\N	\N	\N
3	1	DNS AFXR	hey <b>fuck \\' sss</b><br><b>How are you?<br></b>sd<br><b></b>1. this is some kind of list<br>2. lololo upup up<br>sdfa<br>asdf<br>asdf<br>sdd<br>sdf<br>sdf	jjj<br>what the fuck did you do?	\N	No more no more
3	2	ZXZXZXX	meowsfvfd<br>sdfsdf<br>sdf<br>sdf<br>sd<br>f<br>sdf<br>sd<br>f<br>sd<br>f<br>sdf	piu<i> poiu</i>	\N	\N
\.


--
-- TOC entry 2157 (class 0 OID 21693)
-- Dependencies: 158
-- Data for Name: clients; Type: TABLE DATA; Schema: public; Owner: gtta
--

COPY clients (id, name, country, state, city, address, postcode, website, contact_name, contact_phone, contact_email, contact_fax) FROM stdin;
2	Ziga										\N
4	Helloy										123-123-123
1	Test	Switzerland		Zurich			http://netprotect.ch	Ivan John			123-123-123
\.


--
-- TOC entry 2158 (class 0 OID 21701)
-- Dependencies: 160
-- Data for Name: emails; Type: TABLE DATA; Schema: public; Owner: gtta
--

COPY emails (id, user_id, subject, content, attempts, sent) FROM stdin;
\.


--
-- TOC entry 2159 (class 0 OID 21711)
-- Dependencies: 162
-- Data for Name: languages; Type: TABLE DATA; Schema: public; Owner: gtta
--

COPY languages (id, name, code, "default") FROM stdin;
1	English	en	t
2	Deutsch	de	f
\.


--
-- TOC entry 2160 (class 0 OID 21719)
-- Dependencies: 164
-- Data for Name: project_details; Type: TABLE DATA; Schema: public; Owner: gtta
--

COPY project_details (id, project_id, subject, content) FROM stdin;
2	1	hello	world
3	2	kekek	kkk\r\n
\.


--
-- TOC entry 2176 (class 0 OID 26344)
-- Dependencies: 187
-- Data for Name: project_users; Type: TABLE DATA; Schema: public; Owner: gtta
--

COPY project_users (project_id, user_id, admin) FROM stdin;
1	3	t
10	2	f
1	2	f
\.


--
-- TOC entry 2161 (class 0 OID 21727)
-- Dependencies: 166
-- Data for Name: projects; Type: TABLE DATA; Schema: public; Owner: gtta
--

COPY projects (id, client_id, year, deadline, name, status, vuln_overdue) FROM stdin;
1	1	2012	2012-07-27	Test	in_progress	2012-09-28
3	1	2012	2012-09-21	xxx	open	\N
4	2	2012	2012-09-21	yyy	open	\N
6	1	2012	2012-09-21	aaa	open	\N
7	2	2012	2012-09-21	bbb	open	\N
8	2	2012	2012-09-21	ccc	open	\N
9	2	2012	2012-09-21	fff	open	\N
10	1	2012	2012-09-21	ddd	open	\N
11	2	2012	2012-09-21	eee	open	\N
12	2	2013	2012-09-21	kokokoko	open	\N
5	1	2012	2012-09-21	zzz	finished	\N
2	2	2012	2012-07-29	Fuck	finished	\N
\.


--
-- TOC entry 2162 (class 0 OID 21736)
-- Dependencies: 168
-- Data for Name: references; Type: TABLE DATA; Schema: public; Owner: gtta
--

COPY "references" (id, name, url) FROM stdin;
1	CUSTOM	
\.


--
-- TOC entry 2172 (class 0 OID 22073)
-- Dependencies: 183
-- Data for Name: risk_categories; Type: TABLE DATA; Schema: public; Owner: gtta
--

COPY risk_categories (id, name, risk_template_id) FROM stdin;
16	Fluger geheimer	3
17	Cat 1	4
18	cat 2	4
\.


--
-- TOC entry 2173 (class 0 OID 22082)
-- Dependencies: 184
-- Data for Name: risk_categories_l10n; Type: TABLE DATA; Schema: public; Owner: gtta
--

COPY risk_categories_l10n (risk_category_id, language_id, name) FROM stdin;
16	1	Fluger geheimer
16	2	Eins zwei
17	1	Cat 1
17	2	\N
18	1	cat 2
18	2	\N
\.


--
-- TOC entry 2174 (class 0 OID 24899)
-- Dependencies: 185
-- Data for Name: risk_category_checks; Type: TABLE DATA; Schema: public; Owner: gtta
--

COPY risk_category_checks (risk_category_id, check_id, damage, likelihood) FROM stdin;
16	3	1	1
16	45	1	1
16	6	1	1
16	7	1	1
16	9	1	1
16	10	1	1
16	12	1	1
16	13	1	1
16	15	1	1
16	16	1	1
16	8	1	1
16	11	1	1
16	14	1	1
16	1	1	1
16	5	1	1
16	17	1	1
16	18	1	1
16	19	1	1
16	20	1	1
16	21	1	1
16	22	1	1
16	23	1	1
16	24	1	1
16	25	1	1
16	26	1	1
16	27	1	1
16	28	1	1
16	29	1	1
16	30	1	1
16	31	1	1
16	32	1	1
16	33	1	1
16	34	1	1
16	35	1	1
16	36	1	1
16	37	1	1
16	38	1	1
16	39	1	1
16	40	1	1
16	41	1	1
16	42	1	1
16	43	1	1
18	10	1	1
18	12	1	1
18	13	1	1
18	15	1	1
18	16	1	1
18	8	1	1
18	11	1	1
18	14	1	1
18	1	1	1
18	5	1	1
18	17	1	1
18	18	1	1
18	19	1	1
18	20	1	1
18	21	1	1
18	22	1	1
18	23	1	1
18	24	1	1
18	25	1	1
18	26	1	1
18	27	1	1
18	28	1	1
18	29	1	1
18	30	1	1
18	31	1	1
18	32	1	1
18	33	1	1
18	34	1	1
18	35	1	1
18	36	1	1
18	37	1	1
18	38	1	1
18	39	1	1
18	40	1	1
18	41	1	1
18	42	1	1
18	43	1	1
17	3	4	4
17	45	3	3
17	6	1	1
17	7	1	1
17	9	1	1
17	10	1	1
17	12	1	1
17	13	1	1
17	15	1	1
17	16	1	1
17	8	1	1
17	11	1	1
17	14	1	1
17	1	1	1
17	5	1	1
17	17	1	1
17	18	1	1
17	19	1	1
17	20	1	1
17	21	1	1
17	22	1	1
17	23	1	1
17	24	1	1
17	25	1	1
17	26	1	1
17	27	1	1
17	28	1	1
17	29	1	1
17	30	1	1
17	31	1	1
17	32	1	1
17	33	1	1
17	34	1	1
17	35	1	1
17	36	1	1
17	37	1	1
17	38	1	1
17	39	1	1
17	40	1	1
17	41	1	1
17	42	1	1
17	43	1	1
18	3	3	3
18	45	4	4
18	6	1	1
18	7	1	1
18	9	1	1
\.


--
-- TOC entry 2177 (class 0 OID 26361)
-- Dependencies: 189
-- Data for Name: risk_templates; Type: TABLE DATA; Schema: public; Owner: gtta
--

COPY risk_templates (id, name) FROM stdin;
3	Test Template
4	Another Tempalte
5	Fuck It
\.


--
-- TOC entry 2178 (class 0 OID 26370)
-- Dependencies: 190
-- Data for Name: risk_templates_l10n; Type: TABLE DATA; Schema: public; Owner: gtta
--

COPY risk_templates_l10n (risk_template_id, language_id, name) FROM stdin;
3	1	Test Template
3	2	Deutsche Template
4	1	Another Tempalte
4	2	\N
5	1	Fuck It
5	2	\N
\.


--
-- TOC entry 2175 (class 0 OID 26336)
-- Dependencies: 186
-- Data for Name: sessions; Type: TABLE DATA; Schema: public; Owner: gtta
--

COPY sessions (id, expire, data) FROM stdin;
71to4ok0keeq4os7mup1nf1uu6      	1349886974	Ol1yNZzEmXh2MGqNV3SxzaNRvEG3F7hrBTya7-6FoYZ6he6XU0Us1VVbeH07AqJvmLU6l93ATQTwTUdUizOdBJU5XHiU38XDJrdyzIPDJsrKpDf46xnTed7br2ZxvnFk8XYlZ9bpX-BMsq9TxWHZM-zK7W9ldp_oA2S9n27FT2iduCoHcX2u6jfSJ9hQ53KgUDXN4dmE_zNnlQVfRfrjOVYbQQ_7EALqoFh4UXWQnpdofpT1GM5-oN903IItQYWx17NHBJUZ9vzo7RVaK7Ic_Q2KPYhs_Ff-KkliLVrEM8R1taXgubzc_zeuigNSJk3ZJybltZMrP2k0bR7QAhderPeIONC2F6j25jCCno9CouDZbHvF8QbOFOc56knzp106bl8fclRIfuRTRvP4M8IB-bzGz6SA_zWDVbOKu5VUgRvZmCCqp_m9wiGzhOH1hWPf
\.


--
-- TOC entry 2163 (class 0 OID 21744)
-- Dependencies: 170
-- Data for Name: system; Type: TABLE DATA; Schema: public; Owner: gtta
--

COPY system (id, backup) FROM stdin;
1	2012-09-26 03:27:20.05409
\.


--
-- TOC entry 2164 (class 0 OID 21749)
-- Dependencies: 172
-- Data for Name: target_check_attachments; Type: TABLE DATA; Schema: public; Owner: gtta
--

COPY target_check_attachments (target_id, check_id, name, type, path, size) FROM stdin;
\.


--
-- TOC entry 2165 (class 0 OID 21756)
-- Dependencies: 173
-- Data for Name: target_check_categories; Type: TABLE DATA; Schema: public; Owner: gtta
--

COPY target_check_categories (target_id, check_category_id, advanced, check_count, finished_count, low_risk_count, med_risk_count, high_risk_count) FROM stdin;
2	3	t	4	0	0	0	0
2	6	t	18	0	0	0	0
1	2	t	1	0	0	0	0
4	1	t	15	0	0	0	0
5	1	t	15	0	0	0	0
1	1	t	15	15	6	5	4
\.


--
-- TOC entry 2166 (class 0 OID 21764)
-- Dependencies: 174
-- Data for Name: target_check_inputs; Type: TABLE DATA; Schema: public; Owner: gtta
--

COPY target_check_inputs (target_id, check_input_id, value, file, check_id) FROM stdin;
2	15	\N	\N	17
2	16	\N	\N	17
2	17	\N	\N	20
2	18	\N	\N	20
2	19	\N	\N	20
2	20	\N	\N	20
2	21	\N	\N	20
2	22	\N	\N	20
2	23	10	\N	21
2	24	source@gmail.com	\N	21
2	25	destination@gmail.com	\N	21
2	32	php	\N	32
2	33	\N	\N	34
2	34	\N	\N	35
2	35	\N	\N	36
2	36	\N	\N	37
2	31	10	\N	26
1	42	google.com	\N	45
1	7	0	\N	6
1	11	\N	\N	12
1	12	\N	\N	13
1	13	0	\N	15
1	14	0	\N	16
1	8	10	\N	8
1	9	100	\N	8
1	10	1	\N	8
1	1	\N	\N	1
1	5	120	\N	5
1	6	1	\N	5
\.


--
-- TOC entry 2167 (class 0 OID 21770)
-- Dependencies: 175
-- Data for Name: target_check_solutions; Type: TABLE DATA; Schema: public; Owner: gtta
--

COPY target_check_solutions (target_id, check_solution_id, check_id) FROM stdin;
1	4	3
\.


--
-- TOC entry 2179 (class 0 OID 26906)
-- Dependencies: 191
-- Data for Name: target_check_vulns; Type: TABLE DATA; Schema: public; Owner: gtta
--

COPY target_check_vulns (target_id, check_id, user_id, deadline, status) FROM stdin;
2	32	\N	2012-09-10	open
2	27	1	2012-12-05	open
2	17	\N	2012-09-04	open
1	45	\N	2012-10-07	resolved
1	16	\N	2012-10-07	resolved
1	3	1	2012-10-03	resolved
\.


--
-- TOC entry 2168 (class 0 OID 21773)
-- Dependencies: 176
-- Data for Name: target_checks; Type: TABLE DATA; Schema: public; Owner: gtta
--

COPY target_checks (target_id, check_id, result, target_file, rating, started, pid, status, result_file, language_id, protocol, port, override_target, user_id) FROM stdin;
1	3	\N	\N	med_risk	\N	\N	finished	\N	1	\N	\N	\N	1
1	45	\N	\N	low_risk	\N	\N	finished	\N	1	\N	\N	\N	1
1	6	\N	\N	high_risk	\N	\N	finished	\N	1	\N	\N	\N	1
1	7	\N	\N	high_risk	\N	\N	finished	\N	1	\N	\N	\N	1
1	9	\N	\N	high_risk	\N	\N	finished	\N	1	\N	\N	\N	1
1	10	\N	\N	med_risk	\N	\N	finished	\N	1	\N	\N	\N	1
1	12	\N	\N	low_risk	\N	\N	finished	\N	1	\N	\N	\N	1
1	13	\N	\N	med_risk	\N	\N	finished	\N	1	\N	\N	\N	1
1	15	\N	\N	low_risk	\N	\N	finished	\N	1	\N	\N	\N	1
1	16	\N	\N	low_risk	\N	\N	finished	\N	1	\N	\N	\N	1
1	8	\N	\N	low_risk	\N	\N	finished	\N	1	\N	\N	\N	1
1	11	\N	\N	med_risk	\N	\N	finished	\N	1	\N	\N	\N	1
1	14	\N	\N	high_risk	\N	\N	finished	\N	1	\N	\N	\N	1
1	1	\N	\N	low_risk	\N	\N	finished	\N	1	\N	\N	\N	1
1	5	\N	\N	med_risk	\N	\N	finished	\N	1	\N	\N	\N	1
\.


--
-- TOC entry 2169 (class 0 OID 21780)
-- Dependencies: 177
-- Data for Name: target_references; Type: TABLE DATA; Schema: public; Owner: gtta
--

COPY target_references (target_id, reference_id) FROM stdin;
1	1
2	1
3	1
4	1
5	1
\.


--
-- TOC entry 2170 (class 0 OID 21783)
-- Dependencies: 178
-- Data for Name: targets; Type: TABLE DATA; Schema: public; Owner: gtta
--

COPY targets (id, project_id, host) FROM stdin;
3	1	empty.com
4	2	127.0.0.1
5	12	127.0.0.1
1	1	google.com
2	1	test.com
\.


--
-- TOC entry 2171 (class 0 OID 21791)
-- Dependencies: 180
-- Data for Name: users; Type: TABLE DATA; Schema: public; Owner: gtta
--

COPY users (id, email, password, name, client_id, role) FROM stdin;
1	oliver@muenchow.ch	a665a45920422f9d417e4867efdc4fb8a04a1f3fff1fa07e998e86f7f7a27ae3	Oliver Muenchow	\N	admin
3	erbol.turburgaev@gmail.com	a665a45920422f9d417e4867efdc4fb8a04a1f3fff1fa07e998e86f7f7a27ae3		\N	user
2	test@client.com	a665a45920422f9d417e4867efdc4fb8a04a1f3fff1fa07e998e86f7f7a27ae3		1	client
\.


--
-- TOC entry 2021 (class 2606 OID 21816)
-- Dependencies: 142 142 142
-- Name: check_categories_l10n_pkey; Type: CONSTRAINT; Schema: public; Owner: gtta; Tablespace: 
--

ALTER TABLE ONLY check_categories_l10n
    ADD CONSTRAINT check_categories_l10n_pkey PRIMARY KEY (check_category_id, language_id);


--
-- TOC entry 2019 (class 2606 OID 21818)
-- Dependencies: 140 140
-- Name: check_categories_pkey; Type: CONSTRAINT; Schema: public; Owner: gtta; Tablespace: 
--

ALTER TABLE ONLY check_categories
    ADD CONSTRAINT check_categories_pkey PRIMARY KEY (id);


--
-- TOC entry 2025 (class 2606 OID 21820)
-- Dependencies: 145 145 145
-- Name: check_controls_l10n_pkey; Type: CONSTRAINT; Schema: public; Owner: gtta; Tablespace: 
--

ALTER TABLE ONLY check_controls_l10n
    ADD CONSTRAINT check_controls_l10n_pkey PRIMARY KEY (check_control_id, language_id);


--
-- TOC entry 2023 (class 2606 OID 21822)
-- Dependencies: 143 143
-- Name: check_controls_pkey; Type: CONSTRAINT; Schema: public; Owner: gtta; Tablespace: 
--

ALTER TABLE ONLY check_controls
    ADD CONSTRAINT check_controls_pkey PRIMARY KEY (id);


--
-- TOC entry 2029 (class 2606 OID 21824)
-- Dependencies: 148 148 148
-- Name: check_inputs_l10n_pkey; Type: CONSTRAINT; Schema: public; Owner: gtta; Tablespace: 
--

ALTER TABLE ONLY check_inputs_l10n
    ADD CONSTRAINT check_inputs_l10n_pkey PRIMARY KEY (check_input_id, language_id);


--
-- TOC entry 2027 (class 2606 OID 21826)
-- Dependencies: 146 146
-- Name: check_inputs_pkey; Type: CONSTRAINT; Schema: public; Owner: gtta; Tablespace: 
--

ALTER TABLE ONLY check_inputs
    ADD CONSTRAINT check_inputs_pkey PRIMARY KEY (id);


--
-- TOC entry 2033 (class 2606 OID 21828)
-- Dependencies: 151 151 151
-- Name: check_results_l10n_pkey; Type: CONSTRAINT; Schema: public; Owner: gtta; Tablespace: 
--

ALTER TABLE ONLY check_results_l10n
    ADD CONSTRAINT check_results_l10n_pkey PRIMARY KEY (check_result_id, language_id);


--
-- TOC entry 2031 (class 2606 OID 21830)
-- Dependencies: 149 149
-- Name: check_results_pkey; Type: CONSTRAINT; Schema: public; Owner: gtta; Tablespace: 
--

ALTER TABLE ONLY check_results
    ADD CONSTRAINT check_results_pkey PRIMARY KEY (id);


--
-- TOC entry 2037 (class 2606 OID 21832)
-- Dependencies: 154 154 154
-- Name: check_solutions_l10n_pkey; Type: CONSTRAINT; Schema: public; Owner: gtta; Tablespace: 
--

ALTER TABLE ONLY check_solutions_l10n
    ADD CONSTRAINT check_solutions_l10n_pkey PRIMARY KEY (check_solution_id, language_id);


--
-- TOC entry 2035 (class 2606 OID 21834)
-- Dependencies: 152 152
-- Name: check_solutions_pkey; Type: CONSTRAINT; Schema: public; Owner: gtta; Tablespace: 
--

ALTER TABLE ONLY check_solutions
    ADD CONSTRAINT check_solutions_pkey PRIMARY KEY (id);


--
-- TOC entry 2041 (class 2606 OID 21836)
-- Dependencies: 157 157 157
-- Name: checks_l10n_pkey; Type: CONSTRAINT; Schema: public; Owner: gtta; Tablespace: 
--

ALTER TABLE ONLY checks_l10n
    ADD CONSTRAINT checks_l10n_pkey PRIMARY KEY (check_id, language_id);


--
-- TOC entry 2039 (class 2606 OID 21838)
-- Dependencies: 155 155
-- Name: checks_pkey; Type: CONSTRAINT; Schema: public; Owner: gtta; Tablespace: 
--

ALTER TABLE ONLY checks
    ADD CONSTRAINT checks_pkey PRIMARY KEY (id);


--
-- TOC entry 2043 (class 2606 OID 21840)
-- Dependencies: 158 158
-- Name: clients_pkey; Type: CONSTRAINT; Schema: public; Owner: gtta; Tablespace: 
--

ALTER TABLE ONLY clients
    ADD CONSTRAINT clients_pkey PRIMARY KEY (id);


--
-- TOC entry 2045 (class 2606 OID 21842)
-- Dependencies: 160 160
-- Name: emails_pkey; Type: CONSTRAINT; Schema: public; Owner: gtta; Tablespace: 
--

ALTER TABLE ONLY emails
    ADD CONSTRAINT emails_pkey PRIMARY KEY (id);


--
-- TOC entry 2047 (class 2606 OID 21844)
-- Dependencies: 162 162
-- Name: languages_code_key; Type: CONSTRAINT; Schema: public; Owner: gtta; Tablespace: 
--

ALTER TABLE ONLY languages
    ADD CONSTRAINT languages_code_key UNIQUE (code);


--
-- TOC entry 2049 (class 2606 OID 21846)
-- Dependencies: 162 162
-- Name: languages_name_key; Type: CONSTRAINT; Schema: public; Owner: gtta; Tablespace: 
--

ALTER TABLE ONLY languages
    ADD CONSTRAINT languages_name_key UNIQUE (name);


--
-- TOC entry 2051 (class 2606 OID 21848)
-- Dependencies: 162 162
-- Name: languages_pkey; Type: CONSTRAINT; Schema: public; Owner: gtta; Tablespace: 
--

ALTER TABLE ONLY languages
    ADD CONSTRAINT languages_pkey PRIMARY KEY (id);


--
-- TOC entry 2053 (class 2606 OID 21850)
-- Dependencies: 164 164
-- Name: project_details_pkey; Type: CONSTRAINT; Schema: public; Owner: gtta; Tablespace: 
--

ALTER TABLE ONLY project_details
    ADD CONSTRAINT project_details_pkey PRIMARY KEY (id);


--
-- TOC entry 2087 (class 2606 OID 26348)
-- Dependencies: 187 187 187
-- Name: project_users_pkey; Type: CONSTRAINT; Schema: public; Owner: gtta; Tablespace: 
--

ALTER TABLE ONLY project_users
    ADD CONSTRAINT project_users_pkey PRIMARY KEY (project_id, user_id);


--
-- TOC entry 2055 (class 2606 OID 21852)
-- Dependencies: 166 166
-- Name: projects_pkey; Type: CONSTRAINT; Schema: public; Owner: gtta; Tablespace: 
--

ALTER TABLE ONLY projects
    ADD CONSTRAINT projects_pkey PRIMARY KEY (id);


--
-- TOC entry 2057 (class 2606 OID 21854)
-- Dependencies: 168 168
-- Name: references_pkey; Type: CONSTRAINT; Schema: public; Owner: gtta; Tablespace: 
--

ALTER TABLE ONLY "references"
    ADD CONSTRAINT references_pkey PRIMARY KEY (id);


--
-- TOC entry 2081 (class 2606 OID 22089)
-- Dependencies: 184 184 184
-- Name: risk_categories_l10n_pkey; Type: CONSTRAINT; Schema: public; Owner: gtta; Tablespace: 
--

ALTER TABLE ONLY risk_categories_l10n
    ADD CONSTRAINT risk_categories_l10n_pkey PRIMARY KEY (risk_category_id, language_id);


--
-- TOC entry 2079 (class 2606 OID 22081)
-- Dependencies: 183 183
-- Name: risk_categories_pkey; Type: CONSTRAINT; Schema: public; Owner: gtta; Tablespace: 
--

ALTER TABLE ONLY risk_categories
    ADD CONSTRAINT risk_categories_pkey PRIMARY KEY (id);


--
-- TOC entry 2083 (class 2606 OID 24903)
-- Dependencies: 185 185 185
-- Name: risk_category_checks_pkey; Type: CONSTRAINT; Schema: public; Owner: gtta; Tablespace: 
--

ALTER TABLE ONLY risk_category_checks
    ADD CONSTRAINT risk_category_checks_pkey PRIMARY KEY (risk_category_id, check_id);


--
-- TOC entry 2091 (class 2606 OID 26377)
-- Dependencies: 190 190 190
-- Name: risk_templates_l10n_pkey; Type: CONSTRAINT; Schema: public; Owner: gtta; Tablespace: 
--

ALTER TABLE ONLY risk_templates_l10n
    ADD CONSTRAINT risk_templates_l10n_pkey PRIMARY KEY (risk_template_id, language_id);


--
-- TOC entry 2089 (class 2606 OID 26369)
-- Dependencies: 189 189
-- Name: risk_templates_pkey; Type: CONSTRAINT; Schema: public; Owner: gtta; Tablespace: 
--

ALTER TABLE ONLY risk_templates
    ADD CONSTRAINT risk_templates_pkey PRIMARY KEY (id);


--
-- TOC entry 2085 (class 2606 OID 26343)
-- Dependencies: 186 186
-- Name: sessions_pkey; Type: CONSTRAINT; Schema: public; Owner: gtta; Tablespace: 
--

ALTER TABLE ONLY sessions
    ADD CONSTRAINT sessions_pkey PRIMARY KEY (id);


--
-- TOC entry 2059 (class 2606 OID 21856)
-- Dependencies: 170 170
-- Name: system_pkey; Type: CONSTRAINT; Schema: public; Owner: gtta; Tablespace: 
--

ALTER TABLE ONLY system
    ADD CONSTRAINT system_pkey PRIMARY KEY (id);


--
-- TOC entry 2061 (class 2606 OID 21858)
-- Dependencies: 172 172
-- Name: target_check_attachments_pkey; Type: CONSTRAINT; Schema: public; Owner: gtta; Tablespace: 
--

ALTER TABLE ONLY target_check_attachments
    ADD CONSTRAINT target_check_attachments_pkey PRIMARY KEY (path);


--
-- TOC entry 2063 (class 2606 OID 21860)
-- Dependencies: 173 173 173
-- Name: target_check_categories_pkey; Type: CONSTRAINT; Schema: public; Owner: gtta; Tablespace: 
--

ALTER TABLE ONLY target_check_categories
    ADD CONSTRAINT target_check_categories_pkey PRIMARY KEY (target_id, check_category_id);


--
-- TOC entry 2065 (class 2606 OID 21862)
-- Dependencies: 174 174 174
-- Name: target_check_inputs_pkey; Type: CONSTRAINT; Schema: public; Owner: gtta; Tablespace: 
--

ALTER TABLE ONLY target_check_inputs
    ADD CONSTRAINT target_check_inputs_pkey PRIMARY KEY (target_id, check_input_id);


--
-- TOC entry 2067 (class 2606 OID 21864)
-- Dependencies: 175 175 175
-- Name: target_check_solutions_pkey; Type: CONSTRAINT; Schema: public; Owner: gtta; Tablespace: 
--

ALTER TABLE ONLY target_check_solutions
    ADD CONSTRAINT target_check_solutions_pkey PRIMARY KEY (target_id, check_solution_id);


--
-- TOC entry 2093 (class 2606 OID 26910)
-- Dependencies: 191 191 191
-- Name: target_check_vulns_pkey; Type: CONSTRAINT; Schema: public; Owner: gtta; Tablespace: 
--

ALTER TABLE ONLY target_check_vulns
    ADD CONSTRAINT target_check_vulns_pkey PRIMARY KEY (target_id, check_id);


--
-- TOC entry 2069 (class 2606 OID 21866)
-- Dependencies: 176 176 176
-- Name: target_checks_pkey; Type: CONSTRAINT; Schema: public; Owner: gtta; Tablespace: 
--

ALTER TABLE ONLY target_checks
    ADD CONSTRAINT target_checks_pkey PRIMARY KEY (target_id, check_id);


--
-- TOC entry 2071 (class 2606 OID 21868)
-- Dependencies: 177 177 177
-- Name: target_references_pkey; Type: CONSTRAINT; Schema: public; Owner: gtta; Tablespace: 
--

ALTER TABLE ONLY target_references
    ADD CONSTRAINT target_references_pkey PRIMARY KEY (target_id, reference_id);


--
-- TOC entry 2073 (class 2606 OID 21870)
-- Dependencies: 178 178
-- Name: targets_pkey; Type: CONSTRAINT; Schema: public; Owner: gtta; Tablespace: 
--

ALTER TABLE ONLY targets
    ADD CONSTRAINT targets_pkey PRIMARY KEY (id);


--
-- TOC entry 2075 (class 2606 OID 21872)
-- Dependencies: 180 180
-- Name: users_email_key; Type: CONSTRAINT; Schema: public; Owner: gtta; Tablespace: 
--

ALTER TABLE ONLY users
    ADD CONSTRAINT users_email_key UNIQUE (email);


--
-- TOC entry 2077 (class 2606 OID 21874)
-- Dependencies: 180 180
-- Name: users_pkey; Type: CONSTRAINT; Schema: public; Owner: gtta; Tablespace: 
--

ALTER TABLE ONLY users
    ADD CONSTRAINT users_pkey PRIMARY KEY (id);


--
-- TOC entry 2094 (class 2606 OID 21875)
-- Dependencies: 2018 140 142
-- Name: check_categories_l10n_check_category_id_fkey; Type: FK CONSTRAINT; Schema: public; Owner: gtta
--

ALTER TABLE ONLY check_categories_l10n
    ADD CONSTRAINT check_categories_l10n_check_category_id_fkey FOREIGN KEY (check_category_id) REFERENCES check_categories(id) ON UPDATE CASCADE ON DELETE CASCADE;


--
-- TOC entry 2095 (class 2606 OID 21880)
-- Dependencies: 162 142 2050
-- Name: check_categories_l10n_language_id_fkey; Type: FK CONSTRAINT; Schema: public; Owner: gtta
--

ALTER TABLE ONLY check_categories_l10n
    ADD CONSTRAINT check_categories_l10n_language_id_fkey FOREIGN KEY (language_id) REFERENCES languages(id) ON UPDATE CASCADE ON DELETE CASCADE;


--
-- TOC entry 2096 (class 2606 OID 21885)
-- Dependencies: 2018 143 140
-- Name: check_controls_check_category_id_fkey; Type: FK CONSTRAINT; Schema: public; Owner: gtta
--

ALTER TABLE ONLY check_controls
    ADD CONSTRAINT check_controls_check_category_id_fkey FOREIGN KEY (check_category_id) REFERENCES check_categories(id) ON UPDATE CASCADE ON DELETE CASCADE;


--
-- TOC entry 2097 (class 2606 OID 21890)
-- Dependencies: 145 143 2022
-- Name: check_controls_l10n_check_control_id_fkey; Type: FK CONSTRAINT; Schema: public; Owner: gtta
--

ALTER TABLE ONLY check_controls_l10n
    ADD CONSTRAINT check_controls_l10n_check_control_id_fkey FOREIGN KEY (check_control_id) REFERENCES check_controls(id) ON UPDATE CASCADE ON DELETE CASCADE;


--
-- TOC entry 2098 (class 2606 OID 21895)
-- Dependencies: 2050 145 162
-- Name: check_controls_l10n_language_id_fkey; Type: FK CONSTRAINT; Schema: public; Owner: gtta
--

ALTER TABLE ONLY check_controls_l10n
    ADD CONSTRAINT check_controls_l10n_language_id_fkey FOREIGN KEY (language_id) REFERENCES languages(id) ON UPDATE CASCADE ON DELETE CASCADE;


--
-- TOC entry 2099 (class 2606 OID 21900)
-- Dependencies: 2038 155 146
-- Name: check_inputs_check_id_fkey; Type: FK CONSTRAINT; Schema: public; Owner: gtta
--

ALTER TABLE ONLY check_inputs
    ADD CONSTRAINT check_inputs_check_id_fkey FOREIGN KEY (check_id) REFERENCES checks(id) ON UPDATE CASCADE ON DELETE CASCADE;


--
-- TOC entry 2100 (class 2606 OID 21905)
-- Dependencies: 2026 148 146
-- Name: check_inputs_l10n_check_input_id_fkey; Type: FK CONSTRAINT; Schema: public; Owner: gtta
--

ALTER TABLE ONLY check_inputs_l10n
    ADD CONSTRAINT check_inputs_l10n_check_input_id_fkey FOREIGN KEY (check_input_id) REFERENCES check_inputs(id) ON UPDATE CASCADE ON DELETE CASCADE;


--
-- TOC entry 2101 (class 2606 OID 21910)
-- Dependencies: 2050 148 162
-- Name: check_inputs_l10n_language_id_fkey; Type: FK CONSTRAINT; Schema: public; Owner: gtta
--

ALTER TABLE ONLY check_inputs_l10n
    ADD CONSTRAINT check_inputs_l10n_language_id_fkey FOREIGN KEY (language_id) REFERENCES languages(id) ON UPDATE CASCADE ON DELETE CASCADE;


--
-- TOC entry 2102 (class 2606 OID 22135)
-- Dependencies: 149 155 2038
-- Name: check_results_check_id_fkey; Type: FK CONSTRAINT; Schema: public; Owner: gtta
--

ALTER TABLE ONLY check_results
    ADD CONSTRAINT check_results_check_id_fkey FOREIGN KEY (check_id) REFERENCES checks(id) ON UPDATE CASCADE ON DELETE CASCADE;


--
-- TOC entry 2103 (class 2606 OID 22105)
-- Dependencies: 149 2030 151
-- Name: check_results_l10n_check_result_id_fkey; Type: FK CONSTRAINT; Schema: public; Owner: gtta
--

ALTER TABLE ONLY check_results_l10n
    ADD CONSTRAINT check_results_l10n_check_result_id_fkey FOREIGN KEY (check_result_id) REFERENCES check_results(id) ON UPDATE CASCADE ON DELETE CASCADE;


--
-- TOC entry 2104 (class 2606 OID 22110)
-- Dependencies: 2050 162 151
-- Name: check_results_l10n_language_id_fkey; Type: FK CONSTRAINT; Schema: public; Owner: gtta
--

ALTER TABLE ONLY check_results_l10n
    ADD CONSTRAINT check_results_l10n_language_id_fkey FOREIGN KEY (language_id) REFERENCES languages(id) ON UPDATE CASCADE ON DELETE CASCADE;


--
-- TOC entry 2105 (class 2606 OID 22130)
-- Dependencies: 152 2038 155
-- Name: check_solutions_check_id_fkey; Type: FK CONSTRAINT; Schema: public; Owner: gtta
--

ALTER TABLE ONLY check_solutions
    ADD CONSTRAINT check_solutions_check_id_fkey FOREIGN KEY (check_id) REFERENCES checks(id) ON UPDATE CASCADE ON DELETE CASCADE;


--
-- TOC entry 2106 (class 2606 OID 22120)
-- Dependencies: 152 154 2034
-- Name: check_solutions_l10n_check_solution_id_fkey; Type: FK CONSTRAINT; Schema: public; Owner: gtta
--

ALTER TABLE ONLY check_solutions_l10n
    ADD CONSTRAINT check_solutions_l10n_check_solution_id_fkey FOREIGN KEY (check_solution_id) REFERENCES check_solutions(id) ON UPDATE CASCADE ON DELETE CASCADE;


--
-- TOC entry 2107 (class 2606 OID 22125)
-- Dependencies: 154 162 2050
-- Name: check_solutions_l10n_language_id_fkey; Type: FK CONSTRAINT; Schema: public; Owner: gtta
--

ALTER TABLE ONLY check_solutions_l10n
    ADD CONSTRAINT check_solutions_l10n_language_id_fkey FOREIGN KEY (language_id) REFERENCES languages(id) ON UPDATE CASCADE ON DELETE CASCADE;


--
-- TOC entry 2108 (class 2606 OID 22140)
-- Dependencies: 143 155 2022
-- Name: checks_check_control_id_fkey; Type: FK CONSTRAINT; Schema: public; Owner: gtta
--

ALTER TABLE ONLY checks
    ADD CONSTRAINT checks_check_control_id_fkey FOREIGN KEY (check_control_id) REFERENCES check_controls(id) ON UPDATE CASCADE ON DELETE CASCADE;


--
-- TOC entry 2110 (class 2606 OID 22150)
-- Dependencies: 155 157 2038
-- Name: checks_l10n_check_id_fkey; Type: FK CONSTRAINT; Schema: public; Owner: gtta
--

ALTER TABLE ONLY checks_l10n
    ADD CONSTRAINT checks_l10n_check_id_fkey FOREIGN KEY (check_id) REFERENCES checks(id) ON UPDATE CASCADE ON DELETE CASCADE;


--
-- TOC entry 2111 (class 2606 OID 22155)
-- Dependencies: 157 162 2050
-- Name: checks_l10n_language_id_fkey; Type: FK CONSTRAINT; Schema: public; Owner: gtta
--

ALTER TABLE ONLY checks_l10n
    ADD CONSTRAINT checks_l10n_language_id_fkey FOREIGN KEY (language_id) REFERENCES languages(id) ON UPDATE CASCADE ON DELETE CASCADE;


--
-- TOC entry 2109 (class 2606 OID 22145)
-- Dependencies: 2056 155 168
-- Name: checks_reference_id_fkey; Type: FK CONSTRAINT; Schema: public; Owner: gtta
--

ALTER TABLE ONLY checks
    ADD CONSTRAINT checks_reference_id_fkey FOREIGN KEY (reference_id) REFERENCES "references"(id) ON UPDATE CASCADE ON DELETE CASCADE;


--
-- TOC entry 2112 (class 2606 OID 21965)
-- Dependencies: 2076 180 160
-- Name: emails_user_id_fkey; Type: FK CONSTRAINT; Schema: public; Owner: gtta
--

ALTER TABLE ONLY emails
    ADD CONSTRAINT emails_user_id_fkey FOREIGN KEY (user_id) REFERENCES users(id) ON UPDATE CASCADE ON DELETE CASCADE;


--
-- TOC entry 2113 (class 2606 OID 21970)
-- Dependencies: 166 164 2054
-- Name: project_details_project_id_fkey; Type: FK CONSTRAINT; Schema: public; Owner: gtta
--

ALTER TABLE ONLY project_details
    ADD CONSTRAINT project_details_project_id_fkey FOREIGN KEY (project_id) REFERENCES projects(id) ON UPDATE CASCADE ON DELETE CASCADE;


--
-- TOC entry 2138 (class 2606 OID 26896)
-- Dependencies: 187 166 2054
-- Name: project_users_project_id_fkey; Type: FK CONSTRAINT; Schema: public; Owner: gtta
--

ALTER TABLE ONLY project_users
    ADD CONSTRAINT project_users_project_id_fkey FOREIGN KEY (project_id) REFERENCES projects(id) ON UPDATE CASCADE ON DELETE CASCADE;


--
-- TOC entry 2139 (class 2606 OID 26901)
-- Dependencies: 187 180 2076
-- Name: project_users_user_id_fkey; Type: FK CONSTRAINT; Schema: public; Owner: gtta
--

ALTER TABLE ONLY project_users
    ADD CONSTRAINT project_users_user_id_fkey FOREIGN KEY (user_id) REFERENCES users(id) ON UPDATE CASCADE ON DELETE CASCADE;


--
-- TOC entry 2114 (class 2606 OID 26965)
-- Dependencies: 158 2042 166
-- Name: projects_client_id_fkey; Type: FK CONSTRAINT; Schema: public; Owner: gtta
--

ALTER TABLE ONLY projects
    ADD CONSTRAINT projects_client_id_fkey FOREIGN KEY (client_id) REFERENCES clients(id) ON UPDATE CASCADE ON DELETE CASCADE;


--
-- TOC entry 2135 (class 2606 OID 22095)
-- Dependencies: 184 162 2050
-- Name: risk_categories_l10n_language_id_fkey; Type: FK CONSTRAINT; Schema: public; Owner: gtta
--

ALTER TABLE ONLY risk_categories_l10n
    ADD CONSTRAINT risk_categories_l10n_language_id_fkey FOREIGN KEY (language_id) REFERENCES languages(id) ON UPDATE CASCADE ON DELETE CASCADE;


--
-- TOC entry 2134 (class 2606 OID 22090)
-- Dependencies: 2078 184 183
-- Name: risk_categories_l10n_risk_category_id_fkey; Type: FK CONSTRAINT; Schema: public; Owner: gtta
--

ALTER TABLE ONLY risk_categories_l10n
    ADD CONSTRAINT risk_categories_l10n_risk_category_id_fkey FOREIGN KEY (risk_category_id) REFERENCES risk_categories(id) ON UPDATE CASCADE ON DELETE CASCADE;


--
-- TOC entry 2133 (class 2606 OID 26388)
-- Dependencies: 183 2088 189
-- Name: risk_categories_risk_template_id_fkey; Type: FK CONSTRAINT; Schema: public; Owner: gtta
--

ALTER TABLE ONLY risk_categories
    ADD CONSTRAINT risk_categories_risk_template_id_fkey FOREIGN KEY (risk_template_id) REFERENCES risk_templates(id) ON UPDATE CASCADE ON DELETE CASCADE;


--
-- TOC entry 2136 (class 2606 OID 24924)
-- Dependencies: 155 2038 185
-- Name: risk_category_checks_check_id_fkey; Type: FK CONSTRAINT; Schema: public; Owner: gtta
--

ALTER TABLE ONLY risk_category_checks
    ADD CONSTRAINT risk_category_checks_check_id_fkey FOREIGN KEY (check_id) REFERENCES checks(id) ON UPDATE CASCADE ON DELETE CASCADE;


--
-- TOC entry 2137 (class 2606 OID 24929)
-- Dependencies: 185 183 2078
-- Name: risk_category_checks_risk_category_id_fkey; Type: FK CONSTRAINT; Schema: public; Owner: gtta
--

ALTER TABLE ONLY risk_category_checks
    ADD CONSTRAINT risk_category_checks_risk_category_id_fkey FOREIGN KEY (risk_category_id) REFERENCES risk_categories(id) ON UPDATE CASCADE ON DELETE CASCADE;


--
-- TOC entry 2141 (class 2606 OID 26383)
-- Dependencies: 2088 189 190
-- Name: risk_templates_l10n_risk_template_id_fkey; Type: FK CONSTRAINT; Schema: public; Owner: gtta
--

ALTER TABLE ONLY risk_templates_l10n
    ADD CONSTRAINT risk_templates_l10n_risk_template_id_fkey FOREIGN KEY (risk_template_id) REFERENCES risk_templates(id) ON UPDATE CASCADE ON DELETE CASCADE;


--
-- TOC entry 2140 (class 2606 OID 26378)
-- Dependencies: 190 2050 162
-- Name: risk_templatess_l10n_language_id_fkey; Type: FK CONSTRAINT; Schema: public; Owner: gtta
--

ALTER TABLE ONLY risk_templates_l10n
    ADD CONSTRAINT risk_templatess_l10n_language_id_fkey FOREIGN KEY (language_id) REFERENCES languages(id) ON UPDATE CASCADE ON DELETE CASCADE;


--
-- TOC entry 2115 (class 2606 OID 21980)
-- Dependencies: 172 2038 155
-- Name: target_check_attachments_check_id_fkey; Type: FK CONSTRAINT; Schema: public; Owner: gtta
--

ALTER TABLE ONLY target_check_attachments
    ADD CONSTRAINT target_check_attachments_check_id_fkey FOREIGN KEY (check_id) REFERENCES checks(id) ON UPDATE CASCADE ON DELETE CASCADE;


--
-- TOC entry 2116 (class 2606 OID 21985)
-- Dependencies: 2072 172 178
-- Name: target_check_attachments_target_id_fkey; Type: FK CONSTRAINT; Schema: public; Owner: gtta
--

ALTER TABLE ONLY target_check_attachments
    ADD CONSTRAINT target_check_attachments_target_id_fkey FOREIGN KEY (target_id) REFERENCES targets(id) ON UPDATE CASCADE ON DELETE CASCADE;


--
-- TOC entry 2117 (class 2606 OID 21990)
-- Dependencies: 140 173 2018
-- Name: target_check_categories_check_category_id_fkey; Type: FK CONSTRAINT; Schema: public; Owner: gtta
--

ALTER TABLE ONLY target_check_categories
    ADD CONSTRAINT target_check_categories_check_category_id_fkey FOREIGN KEY (check_category_id) REFERENCES check_categories(id) ON UPDATE CASCADE ON DELETE CASCADE;


--
-- TOC entry 2118 (class 2606 OID 21995)
-- Dependencies: 2072 178 173
-- Name: target_check_categories_target_id_fkey; Type: FK CONSTRAINT; Schema: public; Owner: gtta
--

ALTER TABLE ONLY target_check_categories
    ADD CONSTRAINT target_check_categories_target_id_fkey FOREIGN KEY (target_id) REFERENCES targets(id) ON UPDATE CASCADE ON DELETE CASCADE;


--
-- TOC entry 2119 (class 2606 OID 22000)
-- Dependencies: 174 155 2038
-- Name: target_check_inputs_check_id_fkey; Type: FK CONSTRAINT; Schema: public; Owner: gtta
--

ALTER TABLE ONLY target_check_inputs
    ADD CONSTRAINT target_check_inputs_check_id_fkey FOREIGN KEY (check_id) REFERENCES checks(id) ON UPDATE CASCADE ON DELETE CASCADE;


--
-- TOC entry 2120 (class 2606 OID 22005)
-- Dependencies: 146 174 2026
-- Name: target_check_inputs_check_input_id_fkey; Type: FK CONSTRAINT; Schema: public; Owner: gtta
--

ALTER TABLE ONLY target_check_inputs
    ADD CONSTRAINT target_check_inputs_check_input_id_fkey FOREIGN KEY (check_input_id) REFERENCES check_inputs(id) ON UPDATE CASCADE ON DELETE CASCADE;


--
-- TOC entry 2121 (class 2606 OID 22010)
-- Dependencies: 178 174 2072
-- Name: target_check_inputs_target_id_fkey; Type: FK CONSTRAINT; Schema: public; Owner: gtta
--

ALTER TABLE ONLY target_check_inputs
    ADD CONSTRAINT target_check_inputs_target_id_fkey FOREIGN KEY (target_id) REFERENCES targets(id) ON UPDATE CASCADE ON DELETE CASCADE;


--
-- TOC entry 2124 (class 2606 OID 24440)
-- Dependencies: 2038 175 155
-- Name: target_check_solutions_check_id_fkey; Type: FK CONSTRAINT; Schema: public; Owner: gtta
--

ALTER TABLE ONLY target_check_solutions
    ADD CONSTRAINT target_check_solutions_check_id_fkey FOREIGN KEY (check_id) REFERENCES checks(id) ON UPDATE CASCADE ON DELETE CASCADE;


--
-- TOC entry 2122 (class 2606 OID 24430)
-- Dependencies: 152 175 2034
-- Name: target_check_solutions_check_solution_id_fkey; Type: FK CONSTRAINT; Schema: public; Owner: gtta
--

ALTER TABLE ONLY target_check_solutions
    ADD CONSTRAINT target_check_solutions_check_solution_id_fkey FOREIGN KEY (check_solution_id) REFERENCES check_solutions(id) ON UPDATE CASCADE ON DELETE CASCADE;


--
-- TOC entry 2123 (class 2606 OID 24435)
-- Dependencies: 175 178 2072
-- Name: target_check_solutions_target_id_fkey; Type: FK CONSTRAINT; Schema: public; Owner: gtta
--

ALTER TABLE ONLY target_check_solutions
    ADD CONSTRAINT target_check_solutions_target_id_fkey FOREIGN KEY (target_id) REFERENCES targets(id) ON UPDATE CASCADE ON DELETE CASCADE;


--
-- TOC entry 2142 (class 2606 OID 26950)
-- Dependencies: 191 2038 155
-- Name: target_check_vulns_check_id_fkey; Type: FK CONSTRAINT; Schema: public; Owner: gtta
--

ALTER TABLE ONLY target_check_vulns
    ADD CONSTRAINT target_check_vulns_check_id_fkey FOREIGN KEY (check_id) REFERENCES checks(id) ON UPDATE CASCADE ON DELETE CASCADE;


--
-- TOC entry 2143 (class 2606 OID 26955)
-- Dependencies: 178 2072 191
-- Name: target_check_vulns_target_id_fkey; Type: FK CONSTRAINT; Schema: public; Owner: gtta
--

ALTER TABLE ONLY target_check_vulns
    ADD CONSTRAINT target_check_vulns_target_id_fkey FOREIGN KEY (target_id) REFERENCES targets(id) ON UPDATE CASCADE ON DELETE CASCADE;


--
-- TOC entry 2144 (class 2606 OID 26960)
-- Dependencies: 2076 180 191
-- Name: target_check_vulns_user_id_fkey; Type: FK CONSTRAINT; Schema: public; Owner: gtta
--

ALTER TABLE ONLY target_check_vulns
    ADD CONSTRAINT target_check_vulns_user_id_fkey FOREIGN KEY (user_id) REFERENCES users(id) ON UPDATE CASCADE ON DELETE CASCADE;


--
-- TOC entry 2125 (class 2606 OID 22030)
-- Dependencies: 176 2038 155
-- Name: target_checks_check_id_fkey; Type: FK CONSTRAINT; Schema: public; Owner: gtta
--

ALTER TABLE ONLY target_checks
    ADD CONSTRAINT target_checks_check_id_fkey FOREIGN KEY (check_id) REFERENCES checks(id) ON UPDATE CASCADE ON DELETE CASCADE;


--
-- TOC entry 2126 (class 2606 OID 22035)
-- Dependencies: 162 2050 176
-- Name: target_checks_language_id_fkey; Type: FK CONSTRAINT; Schema: public; Owner: gtta
--

ALTER TABLE ONLY target_checks
    ADD CONSTRAINT target_checks_language_id_fkey FOREIGN KEY (language_id) REFERENCES languages(id) ON UPDATE CASCADE ON DELETE CASCADE;


--
-- TOC entry 2127 (class 2606 OID 22040)
-- Dependencies: 178 176 2072
-- Name: target_checks_target_id_fkey; Type: FK CONSTRAINT; Schema: public; Owner: gtta
--

ALTER TABLE ONLY target_checks
    ADD CONSTRAINT target_checks_target_id_fkey FOREIGN KEY (target_id) REFERENCES targets(id) ON UPDATE CASCADE ON DELETE CASCADE;


--
-- TOC entry 2128 (class 2606 OID 22045)
-- Dependencies: 2076 176 180
-- Name: target_checks_user_id_fkey; Type: FK CONSTRAINT; Schema: public; Owner: gtta
--

ALTER TABLE ONLY target_checks
    ADD CONSTRAINT target_checks_user_id_fkey FOREIGN KEY (user_id) REFERENCES users(id) ON UPDATE CASCADE ON DELETE CASCADE;


--
-- TOC entry 2129 (class 2606 OID 22050)
-- Dependencies: 177 168 2056
-- Name: target_references_reference_id_fkey; Type: FK CONSTRAINT; Schema: public; Owner: gtta
--

ALTER TABLE ONLY target_references
    ADD CONSTRAINT target_references_reference_id_fkey FOREIGN KEY (reference_id) REFERENCES "references"(id) ON UPDATE CASCADE ON DELETE CASCADE;


--
-- TOC entry 2130 (class 2606 OID 22055)
-- Dependencies: 2072 178 177
-- Name: target_references_target_id_fkey; Type: FK CONSTRAINT; Schema: public; Owner: gtta
--

ALTER TABLE ONLY target_references
    ADD CONSTRAINT target_references_target_id_fkey FOREIGN KEY (target_id) REFERENCES targets(id) ON UPDATE CASCADE ON DELETE CASCADE;


--
-- TOC entry 2131 (class 2606 OID 22060)
-- Dependencies: 2054 178 166
-- Name: targets_project_id_fkey; Type: FK CONSTRAINT; Schema: public; Owner: gtta
--

ALTER TABLE ONLY targets
    ADD CONSTRAINT targets_project_id_fkey FOREIGN KEY (project_id) REFERENCES projects(id) ON UPDATE CASCADE ON DELETE CASCADE;


--
-- TOC entry 2132 (class 2606 OID 22065)
-- Dependencies: 2042 158 180
-- Name: users_client_id_fkey; Type: FK CONSTRAINT; Schema: public; Owner: gtta
--

ALTER TABLE ONLY users
    ADD CONSTRAINT users_client_id_fkey FOREIGN KEY (client_id) REFERENCES clients(id) ON UPDATE CASCADE ON DELETE SET NULL;


--
-- TOC entry 2184 (class 0 OID 0)
-- Dependencies: 6
-- Name: public; Type: ACL; Schema: -; Owner: postgres
--

REVOKE ALL ON SCHEMA public FROM PUBLIC;
REVOKE ALL ON SCHEMA public FROM postgres;
GRANT ALL ON SCHEMA public TO postgres;
GRANT ALL ON SCHEMA public TO PUBLIC;


-- Completed on 2012-10-10 19:37:03 MSK

--
-- PostgreSQL database dump complete
--

