--
-- PostgreSQL database dump
--

-- Dumped from database version 8.4.12
-- Dumped by pg_dump version 9.1.3
-- Started on 2012-08-02 17:27:14 MSK

SET statement_timeout = 0;
SET client_encoding = 'UTF8';
SET standard_conforming_strings = off;
SET check_function_bodies = false;
SET client_min_messages = warning;
SET escape_string_warning = off;

SET search_path = public, pg_catalog;

--
-- TOC entry 480 (class 1247 OID 21583)
-- Dependencies: 6
-- Name: check_rating; Type: TYPE; Schema: public; Owner: postgres
--

CREATE TYPE check_rating AS ENUM (
    'hidden',
    'info',
    'low_risk',
    'med_risk',
    'high_risk'
);


ALTER TYPE public.check_rating OWNER TO postgres;

--
-- TOC entry 483 (class 1247 OID 21590)
-- Dependencies: 6
-- Name: check_status; Type: TYPE; Schema: public; Owner: postgres
--

CREATE TYPE check_status AS ENUM (
    'open',
    'in_progress',
    'stop',
    'finished'
);


ALTER TYPE public.check_status OWNER TO postgres;

--
-- TOC entry 486 (class 1247 OID 21596)
-- Dependencies: 6
-- Name: project_status; Type: TYPE; Schema: public; Owner: gtta
--

CREATE TYPE project_status AS ENUM (
    'open',
    'in_progress',
    'finished'
);


ALTER TYPE public.project_status OWNER TO gtta;

--
-- TOC entry 489 (class 1247 OID 21601)
-- Dependencies: 6
-- Name: user_role; Type: TYPE; Schema: public; Owner: postgres
--

CREATE TYPE user_role AS ENUM (
    'admin',
    'user',
    'client'
);


ALTER TYPE public.user_role OWNER TO postgres;

SET default_tablespace = '';

SET default_with_oids = false;

--
-- TOC entry 140 (class 1259 OID 21605)
-- Dependencies: 6
-- Name: check_categories; Type: TABLE; Schema: public; Owner: gtta; Tablespace: 
--

CREATE TABLE check_categories (
    id bigint NOT NULL,
    name character varying(1000) NOT NULL
);


ALTER TABLE public.check_categories OWNER TO gtta;

--
-- TOC entry 141 (class 1259 OID 21611)
-- Dependencies: 140 6
-- Name: check_categories_id_seq; Type: SEQUENCE; Schema: public; Owner: gtta
--

CREATE SEQUENCE check_categories_id_seq
    START WITH 1
    INCREMENT BY 1
    NO MINVALUE
    NO MAXVALUE
    CACHE 1;


ALTER TABLE public.check_categories_id_seq OWNER TO gtta;

--
-- TOC entry 2120 (class 0 OID 0)
-- Dependencies: 141
-- Name: check_categories_id_seq; Type: SEQUENCE OWNED BY; Schema: public; Owner: gtta
--

ALTER SEQUENCE check_categories_id_seq OWNED BY check_categories.id;


--
-- TOC entry 2121 (class 0 OID 0)
-- Dependencies: 141
-- Name: check_categories_id_seq; Type: SEQUENCE SET; Schema: public; Owner: gtta
--

SELECT pg_catalog.setval('check_categories_id_seq', 9, false);


--
-- TOC entry 142 (class 1259 OID 21613)
-- Dependencies: 6
-- Name: check_categories_l10n; Type: TABLE; Schema: public; Owner: gtta; Tablespace: 
--

CREATE TABLE check_categories_l10n (
    check_category_id bigint NOT NULL,
    language_id bigint NOT NULL,
    name character varying(1000)
);


ALTER TABLE public.check_categories_l10n OWNER TO gtta;

--
-- TOC entry 143 (class 1259 OID 21619)
-- Dependencies: 6
-- Name: check_controls; Type: TABLE; Schema: public; Owner: gtta; Tablespace: 
--

CREATE TABLE check_controls (
    id bigint NOT NULL,
    check_category_id bigint NOT NULL,
    name character varying(1000) NOT NULL
);


ALTER TABLE public.check_controls OWNER TO gtta;

--
-- TOC entry 144 (class 1259 OID 21625)
-- Dependencies: 143 6
-- Name: check_controls_id_seq; Type: SEQUENCE; Schema: public; Owner: gtta
--

CREATE SEQUENCE check_controls_id_seq
    START WITH 1
    INCREMENT BY 1
    NO MINVALUE
    NO MAXVALUE
    CACHE 1;


ALTER TABLE public.check_controls_id_seq OWNER TO gtta;

--
-- TOC entry 2122 (class 0 OID 0)
-- Dependencies: 144
-- Name: check_controls_id_seq; Type: SEQUENCE OWNED BY; Schema: public; Owner: gtta
--

ALTER SEQUENCE check_controls_id_seq OWNED BY check_controls.id;


--
-- TOC entry 2123 (class 0 OID 0)
-- Dependencies: 144
-- Name: check_controls_id_seq; Type: SEQUENCE SET; Schema: public; Owner: gtta
--

SELECT pg_catalog.setval('check_controls_id_seq', 10, false);


--
-- TOC entry 145 (class 1259 OID 21627)
-- Dependencies: 6
-- Name: check_controls_l10n; Type: TABLE; Schema: public; Owner: gtta; Tablespace: 
--

CREATE TABLE check_controls_l10n (
    check_control_id bigint NOT NULL,
    language_id bigint NOT NULL,
    name character varying(1000)
);


ALTER TABLE public.check_controls_l10n OWNER TO gtta;

--
-- TOC entry 146 (class 1259 OID 21633)
-- Dependencies: 1952 6
-- Name: check_inputs; Type: TABLE; Schema: public; Owner: gtta; Tablespace: 
--

CREATE TABLE check_inputs (
    id bigint NOT NULL,
    check_id bigint NOT NULL,
    name character varying(1000) NOT NULL,
    description character varying,
    sort_order integer DEFAULT 0 NOT NULL,
    value character varying
);


ALTER TABLE public.check_inputs OWNER TO gtta;

--
-- TOC entry 147 (class 1259 OID 21640)
-- Dependencies: 146 6
-- Name: check_inputs_id_seq; Type: SEQUENCE; Schema: public; Owner: gtta
--

CREATE SEQUENCE check_inputs_id_seq
    START WITH 1
    INCREMENT BY 1
    NO MINVALUE
    NO MAXVALUE
    CACHE 1;


ALTER TABLE public.check_inputs_id_seq OWNER TO gtta;

--
-- TOC entry 2124 (class 0 OID 0)
-- Dependencies: 147
-- Name: check_inputs_id_seq; Type: SEQUENCE OWNED BY; Schema: public; Owner: gtta
--

ALTER SEQUENCE check_inputs_id_seq OWNED BY check_inputs.id;


--
-- TOC entry 2125 (class 0 OID 0)
-- Dependencies: 147
-- Name: check_inputs_id_seq; Type: SEQUENCE SET; Schema: public; Owner: gtta
--

SELECT pg_catalog.setval('check_inputs_id_seq', 41, false);


--
-- TOC entry 148 (class 1259 OID 21642)
-- Dependencies: 6
-- Name: check_inputs_l10n; Type: TABLE; Schema: public; Owner: gtta; Tablespace: 
--

CREATE TABLE check_inputs_l10n (
    check_input_id bigint NOT NULL,
    language_id bigint NOT NULL,
    name character varying(1000),
    description character varying,
    value character varying
);


ALTER TABLE public.check_inputs_l10n OWNER TO gtta;

--
-- TOC entry 149 (class 1259 OID 21648)
-- Dependencies: 1954 6
-- Name: check_results; Type: TABLE; Schema: public; Owner: gtta; Tablespace: 
--

CREATE TABLE check_results (
    id bigint NOT NULL,
    check_id bigint NOT NULL,
    result character varying NOT NULL,
    sort_order integer DEFAULT 0 NOT NULL,
    title character varying(1000) NOT NULL
);


ALTER TABLE public.check_results OWNER TO gtta;

--
-- TOC entry 150 (class 1259 OID 21655)
-- Dependencies: 149 6
-- Name: check_results_id_seq; Type: SEQUENCE; Schema: public; Owner: gtta
--

CREATE SEQUENCE check_results_id_seq
    START WITH 1
    INCREMENT BY 1
    NO MINVALUE
    NO MAXVALUE
    CACHE 1;


ALTER TABLE public.check_results_id_seq OWNER TO gtta;

--
-- TOC entry 2126 (class 0 OID 0)
-- Dependencies: 150
-- Name: check_results_id_seq; Type: SEQUENCE OWNED BY; Schema: public; Owner: gtta
--

ALTER SEQUENCE check_results_id_seq OWNED BY check_results.id;


--
-- TOC entry 2127 (class 0 OID 0)
-- Dependencies: 150
-- Name: check_results_id_seq; Type: SEQUENCE SET; Schema: public; Owner: gtta
--

SELECT pg_catalog.setval('check_results_id_seq', 3, false);


--
-- TOC entry 151 (class 1259 OID 21657)
-- Dependencies: 6
-- Name: check_results_l10n; Type: TABLE; Schema: public; Owner: gtta; Tablespace: 
--

CREATE TABLE check_results_l10n (
    check_result_id bigint NOT NULL,
    language_id bigint NOT NULL,
    result character varying,
    title character varying(1000)
);


ALTER TABLE public.check_results_l10n OWNER TO gtta;

--
-- TOC entry 152 (class 1259 OID 21663)
-- Dependencies: 1956 6
-- Name: check_solutions; Type: TABLE; Schema: public; Owner: gtta; Tablespace: 
--

CREATE TABLE check_solutions (
    id bigint NOT NULL,
    check_id bigint NOT NULL,
    solution character varying NOT NULL,
    sort_order integer DEFAULT 0 NOT NULL,
    title character varying(1000) NOT NULL
);


ALTER TABLE public.check_solutions OWNER TO gtta;

--
-- TOC entry 153 (class 1259 OID 21670)
-- Dependencies: 6 152
-- Name: check_solutions_id_seq; Type: SEQUENCE; Schema: public; Owner: gtta
--

CREATE SEQUENCE check_solutions_id_seq
    START WITH 1
    INCREMENT BY 1
    NO MINVALUE
    NO MAXVALUE
    CACHE 1;


ALTER TABLE public.check_solutions_id_seq OWNER TO gtta;

--
-- TOC entry 2128 (class 0 OID 0)
-- Dependencies: 153
-- Name: check_solutions_id_seq; Type: SEQUENCE OWNED BY; Schema: public; Owner: gtta
--

ALTER SEQUENCE check_solutions_id_seq OWNED BY check_solutions.id;


--
-- TOC entry 2129 (class 0 OID 0)
-- Dependencies: 153
-- Name: check_solutions_id_seq; Type: SEQUENCE SET; Schema: public; Owner: gtta
--

SELECT pg_catalog.setval('check_solutions_id_seq', 5, false);


--
-- TOC entry 154 (class 1259 OID 21672)
-- Dependencies: 6
-- Name: check_solutions_l10n; Type: TABLE; Schema: public; Owner: gtta; Tablespace: 
--

CREATE TABLE check_solutions_l10n (
    check_solution_id bigint NOT NULL,
    language_id bigint NOT NULL,
    solution character varying,
    title character varying(1000)
);


ALTER TABLE public.check_solutions_l10n OWNER TO gtta;

--
-- TOC entry 155 (class 1259 OID 21678)
-- Dependencies: 1958 6
-- Name: checks; Type: TABLE; Schema: public; Owner: gtta; Tablespace: 
--

CREATE TABLE checks (
    id bigint NOT NULL,
    check_control_id bigint NOT NULL,
    name character varying(1000) NOT NULL,
    background_info character varying,
    hints character varying,
    advanced boolean NOT NULL,
    automated boolean NOT NULL,
    script character varying(1000),
    multiple_solutions boolean NOT NULL,
    protocol character varying(1000),
    port integer,
    question character varying,
    reference_id bigint NOT NULL,
    reference_code character varying(1000),
    reference_url character varying(1000),
    effort integer DEFAULT 0 NOT NULL
);


ALTER TABLE public.checks OWNER TO gtta;

--
-- TOC entry 156 (class 1259 OID 21685)
-- Dependencies: 6 155
-- Name: checks_id_seq; Type: SEQUENCE; Schema: public; Owner: gtta
--

CREATE SEQUENCE checks_id_seq
    START WITH 1
    INCREMENT BY 1
    NO MINVALUE
    NO MAXVALUE
    CACHE 1;


ALTER TABLE public.checks_id_seq OWNER TO gtta;

--
-- TOC entry 2130 (class 0 OID 0)
-- Dependencies: 156
-- Name: checks_id_seq; Type: SEQUENCE OWNED BY; Schema: public; Owner: gtta
--

ALTER SEQUENCE checks_id_seq OWNED BY checks.id;


--
-- TOC entry 2131 (class 0 OID 0)
-- Dependencies: 156
-- Name: checks_id_seq; Type: SEQUENCE SET; Schema: public; Owner: gtta
--

SELECT pg_catalog.setval('checks_id_seq', 44, false);


--
-- TOC entry 157 (class 1259 OID 21687)
-- Dependencies: 6
-- Name: checks_l10n; Type: TABLE; Schema: public; Owner: gtta; Tablespace: 
--

CREATE TABLE checks_l10n (
    check_id bigint NOT NULL,
    language_id bigint NOT NULL,
    name character varying(1000),
    background_info character varying,
    hints character varying,
    reference character varying,
    question character varying
);


ALTER TABLE public.checks_l10n OWNER TO gtta;

--
-- TOC entry 158 (class 1259 OID 21693)
-- Dependencies: 6
-- Name: clients; Type: TABLE; Schema: public; Owner: gtta; Tablespace: 
--

CREATE TABLE clients (
    id bigint NOT NULL,
    name character varying(1000) NOT NULL,
    country character varying(1000),
    state character varying(1000),
    city character varying(1000),
    address character varying(1000),
    postcode character varying(1000),
    website character varying(1000),
    contact_name character varying(1000),
    contact_phone character varying(1000),
    contact_email character varying(1000)
);


ALTER TABLE public.clients OWNER TO gtta;

--
-- TOC entry 159 (class 1259 OID 21699)
-- Dependencies: 158 6
-- Name: clients_id_seq; Type: SEQUENCE; Schema: public; Owner: gtta
--

CREATE SEQUENCE clients_id_seq
    START WITH 1
    INCREMENT BY 1
    NO MINVALUE
    NO MAXVALUE
    CACHE 1;


ALTER TABLE public.clients_id_seq OWNER TO gtta;

--
-- TOC entry 2132 (class 0 OID 0)
-- Dependencies: 159
-- Name: clients_id_seq; Type: SEQUENCE OWNED BY; Schema: public; Owner: gtta
--

ALTER SEQUENCE clients_id_seq OWNED BY clients.id;


--
-- TOC entry 2133 (class 0 OID 0)
-- Dependencies: 159
-- Name: clients_id_seq; Type: SEQUENCE SET; Schema: public; Owner: gtta
--

SELECT pg_catalog.setval('clients_id_seq', 2, false);


--
-- TOC entry 160 (class 1259 OID 21701)
-- Dependencies: 1961 1962 6
-- Name: emails; Type: TABLE; Schema: public; Owner: gtta; Tablespace: 
--

CREATE TABLE emails (
    id bigint NOT NULL,
    user_id bigint NOT NULL,
    subject character varying(1000) NOT NULL,
    content character varying NOT NULL,
    attempts integer DEFAULT 0 NOT NULL,
    sent boolean DEFAULT false NOT NULL
);


ALTER TABLE public.emails OWNER TO gtta;

--
-- TOC entry 161 (class 1259 OID 21709)
-- Dependencies: 160 6
-- Name: emails_id_seq; Type: SEQUENCE; Schema: public; Owner: gtta
--

CREATE SEQUENCE emails_id_seq
    START WITH 1
    INCREMENT BY 1
    NO MINVALUE
    NO MAXVALUE
    CACHE 1;


ALTER TABLE public.emails_id_seq OWNER TO gtta;

--
-- TOC entry 2134 (class 0 OID 0)
-- Dependencies: 161
-- Name: emails_id_seq; Type: SEQUENCE OWNED BY; Schema: public; Owner: gtta
--

ALTER SEQUENCE emails_id_seq OWNED BY emails.id;


--
-- TOC entry 2135 (class 0 OID 0)
-- Dependencies: 161
-- Name: emails_id_seq; Type: SEQUENCE SET; Schema: public; Owner: gtta
--

SELECT pg_catalog.setval('emails_id_seq', 1, false);


--
-- TOC entry 162 (class 1259 OID 21711)
-- Dependencies: 6
-- Name: languages; Type: TABLE; Schema: public; Owner: gtta; Tablespace: 
--

CREATE TABLE languages (
    id bigint NOT NULL,
    name character varying(1000) NOT NULL,
    code character(2) NOT NULL,
    "default" boolean NOT NULL
);


ALTER TABLE public.languages OWNER TO gtta;

--
-- TOC entry 163 (class 1259 OID 21717)
-- Dependencies: 162 6
-- Name: languages_id_seq; Type: SEQUENCE; Schema: public; Owner: gtta
--

CREATE SEQUENCE languages_id_seq
    START WITH 1
    INCREMENT BY 1
    NO MINVALUE
    NO MAXVALUE
    CACHE 1;


ALTER TABLE public.languages_id_seq OWNER TO gtta;

--
-- TOC entry 2136 (class 0 OID 0)
-- Dependencies: 163
-- Name: languages_id_seq; Type: SEQUENCE OWNED BY; Schema: public; Owner: gtta
--

ALTER SEQUENCE languages_id_seq OWNED BY languages.id;


--
-- TOC entry 2137 (class 0 OID 0)
-- Dependencies: 163
-- Name: languages_id_seq; Type: SEQUENCE SET; Schema: public; Owner: gtta
--

SELECT pg_catalog.setval('languages_id_seq', 3, false);


--
-- TOC entry 164 (class 1259 OID 21719)
-- Dependencies: 6
-- Name: project_details; Type: TABLE; Schema: public; Owner: gtta; Tablespace: 
--

CREATE TABLE project_details (
    id bigint NOT NULL,
    project_id bigint NOT NULL,
    subject character varying(1000) NOT NULL,
    content character varying
);


ALTER TABLE public.project_details OWNER TO gtta;

--
-- TOC entry 165 (class 1259 OID 21725)
-- Dependencies: 164 6
-- Name: project_details_id_seq; Type: SEQUENCE; Schema: public; Owner: gtta
--

CREATE SEQUENCE project_details_id_seq
    START WITH 1
    INCREMENT BY 1
    NO MINVALUE
    NO MAXVALUE
    CACHE 1;


ALTER TABLE public.project_details_id_seq OWNER TO gtta;

--
-- TOC entry 2138 (class 0 OID 0)
-- Dependencies: 165
-- Name: project_details_id_seq; Type: SEQUENCE OWNED BY; Schema: public; Owner: gtta
--

ALTER SEQUENCE project_details_id_seq OWNED BY project_details.id;


--
-- TOC entry 2139 (class 0 OID 0)
-- Dependencies: 165
-- Name: project_details_id_seq; Type: SEQUENCE SET; Schema: public; Owner: gtta
--

SELECT pg_catalog.setval('project_details_id_seq', 1, false);


--
-- TOC entry 166 (class 1259 OID 21727)
-- Dependencies: 1966 486 6
-- Name: projects; Type: TABLE; Schema: public; Owner: gtta; Tablespace: 
--

CREATE TABLE projects (
    id bigint NOT NULL,
    client_id bigint NOT NULL,
    year character(4) NOT NULL,
    deadline date NOT NULL,
    name character varying(1000) NOT NULL,
    status project_status DEFAULT 'open'::project_status NOT NULL
);


ALTER TABLE public.projects OWNER TO gtta;

--
-- TOC entry 167 (class 1259 OID 21734)
-- Dependencies: 6 166
-- Name: projects_id_seq; Type: SEQUENCE; Schema: public; Owner: gtta
--

CREATE SEQUENCE projects_id_seq
    START WITH 1
    INCREMENT BY 1
    NO MINVALUE
    NO MAXVALUE
    CACHE 1;


ALTER TABLE public.projects_id_seq OWNER TO gtta;

--
-- TOC entry 2140 (class 0 OID 0)
-- Dependencies: 167
-- Name: projects_id_seq; Type: SEQUENCE OWNED BY; Schema: public; Owner: gtta
--

ALTER SEQUENCE projects_id_seq OWNED BY projects.id;


--
-- TOC entry 2141 (class 0 OID 0)
-- Dependencies: 167
-- Name: projects_id_seq; Type: SEQUENCE SET; Schema: public; Owner: gtta
--

SELECT pg_catalog.setval('projects_id_seq', 2, false);


--
-- TOC entry 168 (class 1259 OID 21736)
-- Dependencies: 6
-- Name: references; Type: TABLE; Schema: public; Owner: gtta; Tablespace: 
--

CREATE TABLE "references" (
    id bigint NOT NULL,
    name character varying(1000) NOT NULL,
    url character varying(1000)
);


ALTER TABLE public."references" OWNER TO gtta;

--
-- TOC entry 169 (class 1259 OID 21742)
-- Dependencies: 168 6
-- Name: references_id_seq; Type: SEQUENCE; Schema: public; Owner: gtta
--

CREATE SEQUENCE references_id_seq
    START WITH 1
    INCREMENT BY 1
    NO MINVALUE
    NO MAXVALUE
    CACHE 1;


ALTER TABLE public.references_id_seq OWNER TO gtta;

--
-- TOC entry 2142 (class 0 OID 0)
-- Dependencies: 169
-- Name: references_id_seq; Type: SEQUENCE OWNED BY; Schema: public; Owner: gtta
--

ALTER SEQUENCE references_id_seq OWNED BY "references".id;


--
-- TOC entry 2143 (class 0 OID 0)
-- Dependencies: 169
-- Name: references_id_seq; Type: SEQUENCE SET; Schema: public; Owner: gtta
--

SELECT pg_catalog.setval('references_id_seq', 1, false);


--
-- TOC entry 183 (class 1259 OID 22073)
-- Dependencies: 6
-- Name: risk_categories; Type: TABLE; Schema: public; Owner: gtta; Tablespace: 
--

CREATE TABLE risk_categories (
    id bigint NOT NULL,
    name character varying(1000)
);


ALTER TABLE public.risk_categories OWNER TO gtta;

--
-- TOC entry 182 (class 1259 OID 22071)
-- Dependencies: 183 6
-- Name: risk_categories_id_seq; Type: SEQUENCE; Schema: public; Owner: gtta
--

CREATE SEQUENCE risk_categories_id_seq
    START WITH 1
    INCREMENT BY 1
    NO MINVALUE
    NO MAXVALUE
    CACHE 1;


ALTER TABLE public.risk_categories_id_seq OWNER TO gtta;

--
-- TOC entry 2144 (class 0 OID 0)
-- Dependencies: 182
-- Name: risk_categories_id_seq; Type: SEQUENCE OWNED BY; Schema: public; Owner: gtta
--

ALTER SEQUENCE risk_categories_id_seq OWNED BY risk_categories.id;


--
-- TOC entry 2145 (class 0 OID 0)
-- Dependencies: 182
-- Name: risk_categories_id_seq; Type: SEQUENCE SET; Schema: public; Owner: gtta
--

SELECT pg_catalog.setval('risk_categories_id_seq', 9, false);


--
-- TOC entry 184 (class 1259 OID 22082)
-- Dependencies: 6
-- Name: risk_categories_l10n; Type: TABLE; Schema: public; Owner: gtta; Tablespace: 
--

CREATE TABLE risk_categories_l10n (
    risk_category_id bigint NOT NULL,
    language_id bigint NOT NULL,
    name character varying(1000)
);


ALTER TABLE public.risk_categories_l10n OWNER TO gtta;

--
-- TOC entry 170 (class 1259 OID 21744)
-- Dependencies: 6
-- Name: system; Type: TABLE; Schema: public; Owner: gtta; Tablespace: 
--

CREATE TABLE system (
    id bigint NOT NULL,
    backup timestamp without time zone
);


ALTER TABLE public.system OWNER TO gtta;

--
-- TOC entry 171 (class 1259 OID 21747)
-- Dependencies: 6 170
-- Name: system_id_seq; Type: SEQUENCE; Schema: public; Owner: gtta
--

CREATE SEQUENCE system_id_seq
    START WITH 1
    INCREMENT BY 1
    NO MINVALUE
    NO MAXVALUE
    CACHE 1;


ALTER TABLE public.system_id_seq OWNER TO gtta;

--
-- TOC entry 2146 (class 0 OID 0)
-- Dependencies: 171
-- Name: system_id_seq; Type: SEQUENCE OWNED BY; Schema: public; Owner: gtta
--

ALTER SEQUENCE system_id_seq OWNED BY system.id;


--
-- TOC entry 2147 (class 0 OID 0)
-- Dependencies: 171
-- Name: system_id_seq; Type: SEQUENCE SET; Schema: public; Owner: gtta
--

SELECT pg_catalog.setval('system_id_seq', 1, false);


--
-- TOC entry 172 (class 1259 OID 21749)
-- Dependencies: 1970 6
-- Name: target_check_attachments; Type: TABLE; Schema: public; Owner: gtta; Tablespace: 
--

CREATE TABLE target_check_attachments (
    target_id bigint NOT NULL,
    check_id bigint NOT NULL,
    name character varying(1000) NOT NULL,
    type character varying(1000) NOT NULL,
    path character varying(1000) NOT NULL,
    size bigint DEFAULT 0 NOT NULL
);


ALTER TABLE public.target_check_attachments OWNER TO gtta;

--
-- TOC entry 173 (class 1259 OID 21756)
-- Dependencies: 1971 1972 1973 1974 1975 6
-- Name: target_check_categories; Type: TABLE; Schema: public; Owner: gtta; Tablespace: 
--

CREATE TABLE target_check_categories (
    target_id bigint NOT NULL,
    check_category_id bigint NOT NULL,
    advanced boolean NOT NULL,
    check_count bigint DEFAULT 0 NOT NULL,
    finished_count bigint DEFAULT 0 NOT NULL,
    low_risk_count bigint DEFAULT 0 NOT NULL,
    med_risk_count bigint DEFAULT 0 NOT NULL,
    high_risk_count bigint DEFAULT 0 NOT NULL
);


ALTER TABLE public.target_check_categories OWNER TO gtta;

--
-- TOC entry 174 (class 1259 OID 21764)
-- Dependencies: 6
-- Name: target_check_inputs; Type: TABLE; Schema: public; Owner: gtta; Tablespace: 
--

CREATE TABLE target_check_inputs (
    target_id bigint NOT NULL,
    check_input_id bigint NOT NULL,
    value character varying,
    file character varying(1000),
    check_id bigint NOT NULL
);


ALTER TABLE public.target_check_inputs OWNER TO gtta;

--
-- TOC entry 175 (class 1259 OID 21770)
-- Dependencies: 6
-- Name: target_check_solutions; Type: TABLE; Schema: public; Owner: gtta; Tablespace: 
--

CREATE TABLE target_check_solutions (
    target_id bigint NOT NULL,
    check_solution_id bigint NOT NULL,
    check_id bigint NOT NULL
);


ALTER TABLE public.target_check_solutions OWNER TO gtta;

--
-- TOC entry 176 (class 1259 OID 21773)
-- Dependencies: 1976 6 483 480
-- Name: target_checks; Type: TABLE; Schema: public; Owner: gtta; Tablespace: 
--

CREATE TABLE target_checks (
    target_id bigint NOT NULL,
    check_id bigint NOT NULL,
    result character varying,
    target_file character varying(1000),
    rating check_rating,
    started timestamp without time zone,
    pid bigint,
    status check_status DEFAULT 'open'::check_status NOT NULL,
    result_file character varying(1000),
    language_id bigint NOT NULL,
    protocol character varying(1000),
    port integer,
    override_target character varying(1000),
    user_id bigint NOT NULL
);


ALTER TABLE public.target_checks OWNER TO gtta;

--
-- TOC entry 177 (class 1259 OID 21780)
-- Dependencies: 6
-- Name: target_references; Type: TABLE; Schema: public; Owner: gtta; Tablespace: 
--

CREATE TABLE target_references (
    target_id bigint NOT NULL,
    reference_id bigint NOT NULL
);


ALTER TABLE public.target_references OWNER TO gtta;

--
-- TOC entry 178 (class 1259 OID 21783)
-- Dependencies: 6
-- Name: targets; Type: TABLE; Schema: public; Owner: gtta; Tablespace: 
--

CREATE TABLE targets (
    id bigint NOT NULL,
    project_id bigint NOT NULL,
    host character varying(1000) NOT NULL
);


ALTER TABLE public.targets OWNER TO gtta;

--
-- TOC entry 179 (class 1259 OID 21789)
-- Dependencies: 6 178
-- Name: targets_id_seq; Type: SEQUENCE; Schema: public; Owner: gtta
--

CREATE SEQUENCE targets_id_seq
    START WITH 1
    INCREMENT BY 1
    NO MINVALUE
    NO MAXVALUE
    CACHE 1;


ALTER TABLE public.targets_id_seq OWNER TO gtta;

--
-- TOC entry 2148 (class 0 OID 0)
-- Dependencies: 179
-- Name: targets_id_seq; Type: SEQUENCE OWNED BY; Schema: public; Owner: gtta
--

ALTER SEQUENCE targets_id_seq OWNED BY targets.id;


--
-- TOC entry 2149 (class 0 OID 0)
-- Dependencies: 179
-- Name: targets_id_seq; Type: SEQUENCE SET; Schema: public; Owner: gtta
--

SELECT pg_catalog.setval('targets_id_seq', 3, false);


--
-- TOC entry 180 (class 1259 OID 21791)
-- Dependencies: 1978 6 489
-- Name: users; Type: TABLE; Schema: public; Owner: gtta; Tablespace: 
--

CREATE TABLE users (
    id bigint NOT NULL,
    email character varying(1000) NOT NULL,
    password character varying(1000) NOT NULL,
    name character varying(1000),
    client_id bigint,
    role user_role DEFAULT 'admin'::user_role NOT NULL
);


ALTER TABLE public.users OWNER TO gtta;

--
-- TOC entry 181 (class 1259 OID 21798)
-- Dependencies: 180 6
-- Name: users_id_seq; Type: SEQUENCE; Schema: public; Owner: gtta
--

CREATE SEQUENCE users_id_seq
    START WITH 1
    INCREMENT BY 1
    NO MINVALUE
    NO MAXVALUE
    CACHE 1;


ALTER TABLE public.users_id_seq OWNER TO gtta;

--
-- TOC entry 2150 (class 0 OID 0)
-- Dependencies: 181
-- Name: users_id_seq; Type: SEQUENCE OWNED BY; Schema: public; Owner: gtta
--

ALTER SEQUENCE users_id_seq OWNED BY users.id;


--
-- TOC entry 2151 (class 0 OID 0)
-- Dependencies: 181
-- Name: users_id_seq; Type: SEQUENCE SET; Schema: public; Owner: gtta
--

SELECT pg_catalog.setval('users_id_seq', 2, false);


--
-- TOC entry 1950 (class 2604 OID 21800)
-- Dependencies: 141 140
-- Name: id; Type: DEFAULT; Schema: public; Owner: gtta
--

ALTER TABLE ONLY check_categories ALTER COLUMN id SET DEFAULT nextval('check_categories_id_seq'::regclass);


--
-- TOC entry 1951 (class 2604 OID 21801)
-- Dependencies: 144 143
-- Name: id; Type: DEFAULT; Schema: public; Owner: gtta
--

ALTER TABLE ONLY check_controls ALTER COLUMN id SET DEFAULT nextval('check_controls_id_seq'::regclass);


--
-- TOC entry 1953 (class 2604 OID 21802)
-- Dependencies: 147 146
-- Name: id; Type: DEFAULT; Schema: public; Owner: gtta
--

ALTER TABLE ONLY check_inputs ALTER COLUMN id SET DEFAULT nextval('check_inputs_id_seq'::regclass);


--
-- TOC entry 1955 (class 2604 OID 21803)
-- Dependencies: 150 149
-- Name: id; Type: DEFAULT; Schema: public; Owner: gtta
--

ALTER TABLE ONLY check_results ALTER COLUMN id SET DEFAULT nextval('check_results_id_seq'::regclass);


--
-- TOC entry 1957 (class 2604 OID 21804)
-- Dependencies: 153 152
-- Name: id; Type: DEFAULT; Schema: public; Owner: gtta
--

ALTER TABLE ONLY check_solutions ALTER COLUMN id SET DEFAULT nextval('check_solutions_id_seq'::regclass);


--
-- TOC entry 1959 (class 2604 OID 21805)
-- Dependencies: 156 155
-- Name: id; Type: DEFAULT; Schema: public; Owner: gtta
--

ALTER TABLE ONLY checks ALTER COLUMN id SET DEFAULT nextval('checks_id_seq'::regclass);


--
-- TOC entry 1960 (class 2604 OID 21806)
-- Dependencies: 159 158
-- Name: id; Type: DEFAULT; Schema: public; Owner: gtta
--

ALTER TABLE ONLY clients ALTER COLUMN id SET DEFAULT nextval('clients_id_seq'::regclass);


--
-- TOC entry 1963 (class 2604 OID 21807)
-- Dependencies: 161 160
-- Name: id; Type: DEFAULT; Schema: public; Owner: gtta
--

ALTER TABLE ONLY emails ALTER COLUMN id SET DEFAULT nextval('emails_id_seq'::regclass);


--
-- TOC entry 1964 (class 2604 OID 21808)
-- Dependencies: 163 162
-- Name: id; Type: DEFAULT; Schema: public; Owner: gtta
--

ALTER TABLE ONLY languages ALTER COLUMN id SET DEFAULT nextval('languages_id_seq'::regclass);


--
-- TOC entry 1965 (class 2604 OID 21809)
-- Dependencies: 165 164
-- Name: id; Type: DEFAULT; Schema: public; Owner: gtta
--

ALTER TABLE ONLY project_details ALTER COLUMN id SET DEFAULT nextval('project_details_id_seq'::regclass);


--
-- TOC entry 1967 (class 2604 OID 21810)
-- Dependencies: 167 166
-- Name: id; Type: DEFAULT; Schema: public; Owner: gtta
--

ALTER TABLE ONLY projects ALTER COLUMN id SET DEFAULT nextval('projects_id_seq'::regclass);


--
-- TOC entry 1968 (class 2604 OID 21811)
-- Dependencies: 169 168
-- Name: id; Type: DEFAULT; Schema: public; Owner: gtta
--

ALTER TABLE ONLY "references" ALTER COLUMN id SET DEFAULT nextval('references_id_seq'::regclass);


--
-- TOC entry 1980 (class 2604 OID 22076)
-- Dependencies: 182 183 183
-- Name: id; Type: DEFAULT; Schema: public; Owner: gtta
--

ALTER TABLE ONLY risk_categories ALTER COLUMN id SET DEFAULT nextval('risk_categories_id_seq'::regclass);


--
-- TOC entry 1969 (class 2604 OID 21812)
-- Dependencies: 171 170
-- Name: id; Type: DEFAULT; Schema: public; Owner: gtta
--

ALTER TABLE ONLY system ALTER COLUMN id SET DEFAULT nextval('system_id_seq'::regclass);


--
-- TOC entry 1977 (class 2604 OID 21813)
-- Dependencies: 179 178
-- Name: id; Type: DEFAULT; Schema: public; Owner: gtta
--

ALTER TABLE ONLY targets ALTER COLUMN id SET DEFAULT nextval('targets_id_seq'::regclass);


--
-- TOC entry 1979 (class 2604 OID 21814)
-- Dependencies: 181 180
-- Name: id; Type: DEFAULT; Schema: public; Owner: gtta
--

ALTER TABLE ONLY users ALTER COLUMN id SET DEFAULT nextval('users_id_seq'::regclass);


--
-- TOC entry 2086 (class 0 OID 21605)
-- Dependencies: 140
-- Data for Name: check_categories; Type: TABLE DATA; Schema: public; Owner: gtta
--

COPY check_categories (id, name) FROM stdin;
2	FTP
3	SMTP
4	SSH
5	TCP
6	Web Anonymous
1	DNS
8	Eine Kleine
9	pay [a
\.


--
-- TOC entry 2087 (class 0 OID 21613)
-- Dependencies: 142
-- Data for Name: check_categories_l10n; Type: TABLE DATA; Schema: public; Owner: gtta
--

COPY check_categories_l10n (check_category_id, language_id, name) FROM stdin;
2	1	FTP
2	2	\N
3	1	SMTP
3	2	\N
4	1	SSH
4	2	\N
5	1	TCP
5	2	\N
6	1	Web Anonymous
6	2	\N
1	1	DNS
1	2	\N
8	1	\N
8	2	Eine Kleine
9	1	pay [a
9	2	Piuyyy
\.


--
-- TOC entry 2088 (class 0 OID 21619)
-- Dependencies: 143
-- Data for Name: check_controls; Type: TABLE DATA; Schema: public; Owner: gtta
--

COPY check_controls (id, check_category_id, name) FROM stdin;
1	1	Default
2	2	Default
3	3	Default
4	4	Default
5	5	Default
6	6	Default
7	1	This is a long name of the control
8	1	Session Handling
9	1	Some other important stuff
10	9	jjj
\.


--
-- TOC entry 2089 (class 0 OID 21627)
-- Dependencies: 145
-- Data for Name: check_controls_l10n; Type: TABLE DATA; Schema: public; Owner: gtta
--

COPY check_controls_l10n (check_control_id, language_id, name) FROM stdin;
1	1	Default
1	2	\N
2	1	Default
2	2	\N
3	1	Default
3	2	\N
4	1	Default
4	2	\N
5	1	Default
5	2	\N
6	1	Default
6	2	\N
7	1	This is a long name of the control
7	2	\N
8	1	Session Handling
8	2	\N
9	1	Some other important stuff
9	2	\N
10	1	jjj
10	2	\N
\.


--
-- TOC entry 2090 (class 0 OID 21633)
-- Dependencies: 146
-- Data for Name: check_inputs; Type: TABLE DATA; Schema: public; Owner: gtta
--

COPY check_inputs (id, check_id, name, description, sort_order, value) FROM stdin;
\.


--
-- TOC entry 2091 (class 0 OID 21642)
-- Dependencies: 148
-- Data for Name: check_inputs_l10n; Type: TABLE DATA; Schema: public; Owner: gtta
--

COPY check_inputs_l10n (check_input_id, language_id, name, description, value) FROM stdin;
\.


--
-- TOC entry 2092 (class 0 OID 21648)
-- Dependencies: 149
-- Data for Name: check_results; Type: TABLE DATA; Schema: public; Owner: gtta
--

COPY check_results (id, check_id, result, sort_order, title) FROM stdin;
\.


--
-- TOC entry 2093 (class 0 OID 21657)
-- Dependencies: 151
-- Data for Name: check_results_l10n; Type: TABLE DATA; Schema: public; Owner: gtta
--

COPY check_results_l10n (check_result_id, language_id, result, title) FROM stdin;
\.


--
-- TOC entry 2094 (class 0 OID 21663)
-- Dependencies: 152
-- Data for Name: check_solutions; Type: TABLE DATA; Schema: public; Owner: gtta
--

COPY check_solutions (id, check_id, solution, sort_order, title) FROM stdin;
\.


--
-- TOC entry 2095 (class 0 OID 21672)
-- Dependencies: 154
-- Data for Name: check_solutions_l10n; Type: TABLE DATA; Schema: public; Owner: gtta
--

COPY check_solutions_l10n (check_solution_id, language_id, solution, title) FROM stdin;
\.


--
-- TOC entry 2096 (class 0 OID 21678)
-- Dependencies: 155
-- Data for Name: checks; Type: TABLE DATA; Schema: public; Owner: gtta
--

COPY checks (id, check_control_id, name, background_info, hints, advanced, automated, script, multiple_solutions, protocol, port, question, reference_id, reference_code, reference_url, effort) FROM stdin;
\.


--
-- TOC entry 2097 (class 0 OID 21687)
-- Dependencies: 157
-- Data for Name: checks_l10n; Type: TABLE DATA; Schema: public; Owner: gtta
--

COPY checks_l10n (check_id, language_id, name, background_info, hints, reference, question) FROM stdin;
\.


--
-- TOC entry 2098 (class 0 OID 21693)
-- Dependencies: 158
-- Data for Name: clients; Type: TABLE DATA; Schema: public; Owner: gtta
--

COPY clients (id, name, country, state, city, address, postcode, website, contact_name, contact_phone, contact_email) FROM stdin;
1	Test									
2	Ziga									
\.


--
-- TOC entry 2099 (class 0 OID 21701)
-- Dependencies: 160
-- Data for Name: emails; Type: TABLE DATA; Schema: public; Owner: gtta
--

COPY emails (id, user_id, subject, content, attempts, sent) FROM stdin;
\.


--
-- TOC entry 2100 (class 0 OID 21711)
-- Dependencies: 162
-- Data for Name: languages; Type: TABLE DATA; Schema: public; Owner: gtta
--

COPY languages (id, name, code, "default") FROM stdin;
1	English	en	t
2	Deutsch	de	f
\.


--
-- TOC entry 2101 (class 0 OID 21719)
-- Dependencies: 164
-- Data for Name: project_details; Type: TABLE DATA; Schema: public; Owner: gtta
--

COPY project_details (id, project_id, subject, content) FROM stdin;
\.


--
-- TOC entry 2102 (class 0 OID 21727)
-- Dependencies: 166
-- Data for Name: projects; Type: TABLE DATA; Schema: public; Owner: gtta
--

COPY projects (id, client_id, year, deadline, name, status) FROM stdin;
1	1	2012	2012-07-27	Test	in_progress
2	1	2012	2012-07-29	Pipa	open
\.


--
-- TOC entry 2103 (class 0 OID 21736)
-- Dependencies: 168
-- Data for Name: references; Type: TABLE DATA; Schema: public; Owner: gtta
--

COPY "references" (id, name, url) FROM stdin;
\.


--
-- TOC entry 2113 (class 0 OID 22073)
-- Dependencies: 183
-- Data for Name: risk_categories; Type: TABLE DATA; Schema: public; Owner: gtta
--

COPY risk_categories (id, name) FROM stdin;
8	nowai
9	pumipon
\.


--
-- TOC entry 2114 (class 0 OID 22082)
-- Dependencies: 184
-- Data for Name: risk_categories_l10n; Type: TABLE DATA; Schema: public; Owner: gtta
--

COPY risk_categories_l10n (risk_category_id, language_id, name) FROM stdin;
8	1	nowai
8	2	\N
9	1	\N
9	2	pumipon
\.


--
-- TOC entry 2104 (class 0 OID 21744)
-- Dependencies: 170
-- Data for Name: system; Type: TABLE DATA; Schema: public; Owner: gtta
--

COPY system (id, backup) FROM stdin;
1	2012-08-02 17:23:52.013701
\.


--
-- TOC entry 2105 (class 0 OID 21749)
-- Dependencies: 172
-- Data for Name: target_check_attachments; Type: TABLE DATA; Schema: public; Owner: gtta
--

COPY target_check_attachments (target_id, check_id, name, type, path, size) FROM stdin;
\.


--
-- TOC entry 2106 (class 0 OID 21756)
-- Dependencies: 173
-- Data for Name: target_check_categories; Type: TABLE DATA; Schema: public; Owner: gtta
--

COPY target_check_categories (target_id, check_category_id, advanced, check_count, finished_count, low_risk_count, med_risk_count, high_risk_count) FROM stdin;
2	2	t	1	1	0	1	0
2	3	t	4	4	0	2	0
2	6	t	18	3	0	1	2
1	1	t	16	9	3	3	1
\.


--
-- TOC entry 2107 (class 0 OID 21764)
-- Dependencies: 174
-- Data for Name: target_check_inputs; Type: TABLE DATA; Schema: public; Owner: gtta
--

COPY target_check_inputs (target_id, check_input_id, value, file, check_id) FROM stdin;
\.


--
-- TOC entry 2108 (class 0 OID 21770)
-- Dependencies: 175
-- Data for Name: target_check_solutions; Type: TABLE DATA; Schema: public; Owner: gtta
--

COPY target_check_solutions (target_id, check_solution_id, check_id) FROM stdin;
\.


--
-- TOC entry 2109 (class 0 OID 21773)
-- Dependencies: 176
-- Data for Name: target_checks; Type: TABLE DATA; Schema: public; Owner: gtta
--

COPY target_checks (target_id, check_id, result, target_file, rating, started, pid, status, result_file, language_id, protocol, port, override_target, user_id) FROM stdin;
\.


--
-- TOC entry 2110 (class 0 OID 21780)
-- Dependencies: 177
-- Data for Name: target_references; Type: TABLE DATA; Schema: public; Owner: gtta
--

COPY target_references (target_id, reference_id) FROM stdin;
\.


--
-- TOC entry 2111 (class 0 OID 21783)
-- Dependencies: 178
-- Data for Name: targets; Type: TABLE DATA; Schema: public; Owner: gtta
--

COPY targets (id, project_id, host) FROM stdin;
1	1	google.com
2	1	test.com
3	1	empty.com
\.


--
-- TOC entry 2112 (class 0 OID 21791)
-- Dependencies: 180
-- Data for Name: users; Type: TABLE DATA; Schema: public; Owner: gtta
--

COPY users (id, email, password, name, client_id, role) FROM stdin;
1	oliver@muenchow.ch	a665a45920422f9d417e4867efdc4fb8a04a1f3fff1fa07e998e86f7f7a27ae3	Oliver Muenchow	\N	admin
\.


--
-- TOC entry 1984 (class 2606 OID 21816)
-- Dependencies: 142 142 142
-- Name: check_categories_l10n_pkey; Type: CONSTRAINT; Schema: public; Owner: gtta; Tablespace: 
--

ALTER TABLE ONLY check_categories_l10n
    ADD CONSTRAINT check_categories_l10n_pkey PRIMARY KEY (check_category_id, language_id);


--
-- TOC entry 1982 (class 2606 OID 21818)
-- Dependencies: 140 140
-- Name: check_categories_pkey; Type: CONSTRAINT; Schema: public; Owner: gtta; Tablespace: 
--

ALTER TABLE ONLY check_categories
    ADD CONSTRAINT check_categories_pkey PRIMARY KEY (id);


--
-- TOC entry 1988 (class 2606 OID 21820)
-- Dependencies: 145 145 145
-- Name: check_controls_l10n_pkey; Type: CONSTRAINT; Schema: public; Owner: gtta; Tablespace: 
--

ALTER TABLE ONLY check_controls_l10n
    ADD CONSTRAINT check_controls_l10n_pkey PRIMARY KEY (check_control_id, language_id);


--
-- TOC entry 1986 (class 2606 OID 21822)
-- Dependencies: 143 143
-- Name: check_controls_pkey; Type: CONSTRAINT; Schema: public; Owner: gtta; Tablespace: 
--

ALTER TABLE ONLY check_controls
    ADD CONSTRAINT check_controls_pkey PRIMARY KEY (id);


--
-- TOC entry 1992 (class 2606 OID 21824)
-- Dependencies: 148 148 148
-- Name: check_inputs_l10n_pkey; Type: CONSTRAINT; Schema: public; Owner: gtta; Tablespace: 
--

ALTER TABLE ONLY check_inputs_l10n
    ADD CONSTRAINT check_inputs_l10n_pkey PRIMARY KEY (check_input_id, language_id);


--
-- TOC entry 1990 (class 2606 OID 21826)
-- Dependencies: 146 146
-- Name: check_inputs_pkey; Type: CONSTRAINT; Schema: public; Owner: gtta; Tablespace: 
--

ALTER TABLE ONLY check_inputs
    ADD CONSTRAINT check_inputs_pkey PRIMARY KEY (id);


--
-- TOC entry 1996 (class 2606 OID 21828)
-- Dependencies: 151 151 151
-- Name: check_results_l10n_pkey; Type: CONSTRAINT; Schema: public; Owner: gtta; Tablespace: 
--

ALTER TABLE ONLY check_results_l10n
    ADD CONSTRAINT check_results_l10n_pkey PRIMARY KEY (check_result_id, language_id);


--
-- TOC entry 1994 (class 2606 OID 21830)
-- Dependencies: 149 149
-- Name: check_results_pkey; Type: CONSTRAINT; Schema: public; Owner: gtta; Tablespace: 
--

ALTER TABLE ONLY check_results
    ADD CONSTRAINT check_results_pkey PRIMARY KEY (id);


--
-- TOC entry 2000 (class 2606 OID 21832)
-- Dependencies: 154 154 154
-- Name: check_solutions_l10n_pkey; Type: CONSTRAINT; Schema: public; Owner: gtta; Tablespace: 
--

ALTER TABLE ONLY check_solutions_l10n
    ADD CONSTRAINT check_solutions_l10n_pkey PRIMARY KEY (check_solution_id, language_id);


--
-- TOC entry 1998 (class 2606 OID 21834)
-- Dependencies: 152 152
-- Name: check_solutions_pkey; Type: CONSTRAINT; Schema: public; Owner: gtta; Tablespace: 
--

ALTER TABLE ONLY check_solutions
    ADD CONSTRAINT check_solutions_pkey PRIMARY KEY (id);


--
-- TOC entry 2004 (class 2606 OID 21836)
-- Dependencies: 157 157 157
-- Name: checks_l10n_pkey; Type: CONSTRAINT; Schema: public; Owner: gtta; Tablespace: 
--

ALTER TABLE ONLY checks_l10n
    ADD CONSTRAINT checks_l10n_pkey PRIMARY KEY (check_id, language_id);


--
-- TOC entry 2002 (class 2606 OID 21838)
-- Dependencies: 155 155
-- Name: checks_pkey; Type: CONSTRAINT; Schema: public; Owner: gtta; Tablespace: 
--

ALTER TABLE ONLY checks
    ADD CONSTRAINT checks_pkey PRIMARY KEY (id);


--
-- TOC entry 2006 (class 2606 OID 21840)
-- Dependencies: 158 158
-- Name: clients_pkey; Type: CONSTRAINT; Schema: public; Owner: gtta; Tablespace: 
--

ALTER TABLE ONLY clients
    ADD CONSTRAINT clients_pkey PRIMARY KEY (id);


--
-- TOC entry 2008 (class 2606 OID 21842)
-- Dependencies: 160 160
-- Name: emails_pkey; Type: CONSTRAINT; Schema: public; Owner: gtta; Tablespace: 
--

ALTER TABLE ONLY emails
    ADD CONSTRAINT emails_pkey PRIMARY KEY (id);


--
-- TOC entry 2010 (class 2606 OID 21844)
-- Dependencies: 162 162
-- Name: languages_code_key; Type: CONSTRAINT; Schema: public; Owner: gtta; Tablespace: 
--

ALTER TABLE ONLY languages
    ADD CONSTRAINT languages_code_key UNIQUE (code);


--
-- TOC entry 2012 (class 2606 OID 21846)
-- Dependencies: 162 162
-- Name: languages_name_key; Type: CONSTRAINT; Schema: public; Owner: gtta; Tablespace: 
--

ALTER TABLE ONLY languages
    ADD CONSTRAINT languages_name_key UNIQUE (name);


--
-- TOC entry 2014 (class 2606 OID 21848)
-- Dependencies: 162 162
-- Name: languages_pkey; Type: CONSTRAINT; Schema: public; Owner: gtta; Tablespace: 
--

ALTER TABLE ONLY languages
    ADD CONSTRAINT languages_pkey PRIMARY KEY (id);


--
-- TOC entry 2016 (class 2606 OID 21850)
-- Dependencies: 164 164
-- Name: project_details_pkey; Type: CONSTRAINT; Schema: public; Owner: gtta; Tablespace: 
--

ALTER TABLE ONLY project_details
    ADD CONSTRAINT project_details_pkey PRIMARY KEY (id);


--
-- TOC entry 2018 (class 2606 OID 21852)
-- Dependencies: 166 166
-- Name: projects_pkey; Type: CONSTRAINT; Schema: public; Owner: gtta; Tablespace: 
--

ALTER TABLE ONLY projects
    ADD CONSTRAINT projects_pkey PRIMARY KEY (id);


--
-- TOC entry 2020 (class 2606 OID 21854)
-- Dependencies: 168 168
-- Name: references_pkey; Type: CONSTRAINT; Schema: public; Owner: gtta; Tablespace: 
--

ALTER TABLE ONLY "references"
    ADD CONSTRAINT references_pkey PRIMARY KEY (id);


--
-- TOC entry 2044 (class 2606 OID 22089)
-- Dependencies: 184 184 184
-- Name: risk_categories_l10n_pkey; Type: CONSTRAINT; Schema: public; Owner: gtta; Tablespace: 
--

ALTER TABLE ONLY risk_categories_l10n
    ADD CONSTRAINT risk_categories_l10n_pkey PRIMARY KEY (risk_category_id, language_id);


--
-- TOC entry 2042 (class 2606 OID 22081)
-- Dependencies: 183 183
-- Name: risk_categories_pkey; Type: CONSTRAINT; Schema: public; Owner: gtta; Tablespace: 
--

ALTER TABLE ONLY risk_categories
    ADD CONSTRAINT risk_categories_pkey PRIMARY KEY (id);


--
-- TOC entry 2022 (class 2606 OID 21856)
-- Dependencies: 170 170
-- Name: system_pkey; Type: CONSTRAINT; Schema: public; Owner: gtta; Tablespace: 
--

ALTER TABLE ONLY system
    ADD CONSTRAINT system_pkey PRIMARY KEY (id);


--
-- TOC entry 2024 (class 2606 OID 21858)
-- Dependencies: 172 172
-- Name: target_check_attachments_pkey; Type: CONSTRAINT; Schema: public; Owner: gtta; Tablespace: 
--

ALTER TABLE ONLY target_check_attachments
    ADD CONSTRAINT target_check_attachments_pkey PRIMARY KEY (path);


--
-- TOC entry 2026 (class 2606 OID 21860)
-- Dependencies: 173 173 173
-- Name: target_check_categories_pkey; Type: CONSTRAINT; Schema: public; Owner: gtta; Tablespace: 
--

ALTER TABLE ONLY target_check_categories
    ADD CONSTRAINT target_check_categories_pkey PRIMARY KEY (target_id, check_category_id);


--
-- TOC entry 2028 (class 2606 OID 21862)
-- Dependencies: 174 174 174
-- Name: target_check_inputs_pkey; Type: CONSTRAINT; Schema: public; Owner: gtta; Tablespace: 
--

ALTER TABLE ONLY target_check_inputs
    ADD CONSTRAINT target_check_inputs_pkey PRIMARY KEY (target_id, check_input_id);


--
-- TOC entry 2030 (class 2606 OID 21864)
-- Dependencies: 175 175 175
-- Name: target_check_solutions_pkey; Type: CONSTRAINT; Schema: public; Owner: gtta; Tablespace: 
--

ALTER TABLE ONLY target_check_solutions
    ADD CONSTRAINT target_check_solutions_pkey PRIMARY KEY (target_id, check_solution_id);


--
-- TOC entry 2032 (class 2606 OID 21866)
-- Dependencies: 176 176 176
-- Name: target_checks_pkey; Type: CONSTRAINT; Schema: public; Owner: gtta; Tablespace: 
--

ALTER TABLE ONLY target_checks
    ADD CONSTRAINT target_checks_pkey PRIMARY KEY (target_id, check_id);


--
-- TOC entry 2034 (class 2606 OID 21868)
-- Dependencies: 177 177 177
-- Name: target_references_pkey; Type: CONSTRAINT; Schema: public; Owner: gtta; Tablespace: 
--

ALTER TABLE ONLY target_references
    ADD CONSTRAINT target_references_pkey PRIMARY KEY (target_id, reference_id);


--
-- TOC entry 2036 (class 2606 OID 21870)
-- Dependencies: 178 178
-- Name: targets_pkey; Type: CONSTRAINT; Schema: public; Owner: gtta; Tablespace: 
--

ALTER TABLE ONLY targets
    ADD CONSTRAINT targets_pkey PRIMARY KEY (id);


--
-- TOC entry 2038 (class 2606 OID 21872)
-- Dependencies: 180 180
-- Name: users_email_key; Type: CONSTRAINT; Schema: public; Owner: gtta; Tablespace: 
--

ALTER TABLE ONLY users
    ADD CONSTRAINT users_email_key UNIQUE (email);


--
-- TOC entry 2040 (class 2606 OID 21874)
-- Dependencies: 180 180
-- Name: users_pkey; Type: CONSTRAINT; Schema: public; Owner: gtta; Tablespace: 
--

ALTER TABLE ONLY users
    ADD CONSTRAINT users_pkey PRIMARY KEY (id);


--
-- TOC entry 2045 (class 2606 OID 21875)
-- Dependencies: 142 140 1981
-- Name: check_categories_l10n_check_category_id_fkey; Type: FK CONSTRAINT; Schema: public; Owner: gtta
--

ALTER TABLE ONLY check_categories_l10n
    ADD CONSTRAINT check_categories_l10n_check_category_id_fkey FOREIGN KEY (check_category_id) REFERENCES check_categories(id) ON UPDATE CASCADE ON DELETE CASCADE;


--
-- TOC entry 2046 (class 2606 OID 21880)
-- Dependencies: 142 162 2013
-- Name: check_categories_l10n_language_id_fkey; Type: FK CONSTRAINT; Schema: public; Owner: gtta
--

ALTER TABLE ONLY check_categories_l10n
    ADD CONSTRAINT check_categories_l10n_language_id_fkey FOREIGN KEY (language_id) REFERENCES languages(id) ON UPDATE CASCADE ON DELETE CASCADE;


--
-- TOC entry 2047 (class 2606 OID 21885)
-- Dependencies: 143 140 1981
-- Name: check_controls_check_category_id_fkey; Type: FK CONSTRAINT; Schema: public; Owner: gtta
--

ALTER TABLE ONLY check_controls
    ADD CONSTRAINT check_controls_check_category_id_fkey FOREIGN KEY (check_category_id) REFERENCES check_categories(id) ON UPDATE CASCADE ON DELETE CASCADE;


--
-- TOC entry 2048 (class 2606 OID 21890)
-- Dependencies: 145 143 1985
-- Name: check_controls_l10n_check_control_id_fkey; Type: FK CONSTRAINT; Schema: public; Owner: gtta
--

ALTER TABLE ONLY check_controls_l10n
    ADD CONSTRAINT check_controls_l10n_check_control_id_fkey FOREIGN KEY (check_control_id) REFERENCES check_controls(id) ON UPDATE CASCADE ON DELETE CASCADE;


--
-- TOC entry 2049 (class 2606 OID 21895)
-- Dependencies: 145 162 2013
-- Name: check_controls_l10n_language_id_fkey; Type: FK CONSTRAINT; Schema: public; Owner: gtta
--

ALTER TABLE ONLY check_controls_l10n
    ADD CONSTRAINT check_controls_l10n_language_id_fkey FOREIGN KEY (language_id) REFERENCES languages(id) ON UPDATE CASCADE ON DELETE CASCADE;


--
-- TOC entry 2050 (class 2606 OID 21900)
-- Dependencies: 146 155 2001
-- Name: check_inputs_check_id_fkey; Type: FK CONSTRAINT; Schema: public; Owner: gtta
--

ALTER TABLE ONLY check_inputs
    ADD CONSTRAINT check_inputs_check_id_fkey FOREIGN KEY (check_id) REFERENCES checks(id) ON UPDATE CASCADE ON DELETE CASCADE;


--
-- TOC entry 2051 (class 2606 OID 21905)
-- Dependencies: 148 146 1989
-- Name: check_inputs_l10n_check_input_id_fkey; Type: FK CONSTRAINT; Schema: public; Owner: gtta
--

ALTER TABLE ONLY check_inputs_l10n
    ADD CONSTRAINT check_inputs_l10n_check_input_id_fkey FOREIGN KEY (check_input_id) REFERENCES check_inputs(id) ON UPDATE CASCADE ON DELETE CASCADE;


--
-- TOC entry 2052 (class 2606 OID 21910)
-- Dependencies: 148 162 2013
-- Name: check_inputs_l10n_language_id_fkey; Type: FK CONSTRAINT; Schema: public; Owner: gtta
--

ALTER TABLE ONLY check_inputs_l10n
    ADD CONSTRAINT check_inputs_l10n_language_id_fkey FOREIGN KEY (language_id) REFERENCES languages(id) ON UPDATE CASCADE ON DELETE CASCADE;


--
-- TOC entry 2053 (class 2606 OID 22135)
-- Dependencies: 149 2001 155
-- Name: check_results_check_id_fkey; Type: FK CONSTRAINT; Schema: public; Owner: gtta
--

ALTER TABLE ONLY check_results
    ADD CONSTRAINT check_results_check_id_fkey FOREIGN KEY (check_id) REFERENCES checks(id) ON UPDATE CASCADE ON DELETE CASCADE;


--
-- TOC entry 2054 (class 2606 OID 22105)
-- Dependencies: 151 1993 149
-- Name: check_results_l10n_check_result_id_fkey; Type: FK CONSTRAINT; Schema: public; Owner: gtta
--

ALTER TABLE ONLY check_results_l10n
    ADD CONSTRAINT check_results_l10n_check_result_id_fkey FOREIGN KEY (check_result_id) REFERENCES check_results(id) ON UPDATE CASCADE ON DELETE CASCADE;


--
-- TOC entry 2055 (class 2606 OID 22110)
-- Dependencies: 151 2013 162
-- Name: check_results_l10n_language_id_fkey; Type: FK CONSTRAINT; Schema: public; Owner: gtta
--

ALTER TABLE ONLY check_results_l10n
    ADD CONSTRAINT check_results_l10n_language_id_fkey FOREIGN KEY (language_id) REFERENCES languages(id) ON UPDATE CASCADE ON DELETE CASCADE;


--
-- TOC entry 2056 (class 2606 OID 22130)
-- Dependencies: 155 2001 152
-- Name: check_solutions_check_id_fkey; Type: FK CONSTRAINT; Schema: public; Owner: gtta
--

ALTER TABLE ONLY check_solutions
    ADD CONSTRAINT check_solutions_check_id_fkey FOREIGN KEY (check_id) REFERENCES checks(id) ON UPDATE CASCADE ON DELETE CASCADE;


--
-- TOC entry 2057 (class 2606 OID 22120)
-- Dependencies: 1997 152 154
-- Name: check_solutions_l10n_check_solution_id_fkey; Type: FK CONSTRAINT; Schema: public; Owner: gtta
--

ALTER TABLE ONLY check_solutions_l10n
    ADD CONSTRAINT check_solutions_l10n_check_solution_id_fkey FOREIGN KEY (check_solution_id) REFERENCES check_solutions(id) ON UPDATE CASCADE ON DELETE CASCADE;


--
-- TOC entry 2058 (class 2606 OID 22125)
-- Dependencies: 154 2013 162
-- Name: check_solutions_l10n_language_id_fkey; Type: FK CONSTRAINT; Schema: public; Owner: gtta
--

ALTER TABLE ONLY check_solutions_l10n
    ADD CONSTRAINT check_solutions_l10n_language_id_fkey FOREIGN KEY (language_id) REFERENCES languages(id) ON UPDATE CASCADE ON DELETE CASCADE;


--
-- TOC entry 2059 (class 2606 OID 22140)
-- Dependencies: 155 1985 143
-- Name: checks_check_control_id_fkey; Type: FK CONSTRAINT; Schema: public; Owner: gtta
--

ALTER TABLE ONLY checks
    ADD CONSTRAINT checks_check_control_id_fkey FOREIGN KEY (check_control_id) REFERENCES check_controls(id) ON UPDATE CASCADE ON DELETE CASCADE;


--
-- TOC entry 2061 (class 2606 OID 22150)
-- Dependencies: 157 2001 155
-- Name: checks_l10n_check_id_fkey; Type: FK CONSTRAINT; Schema: public; Owner: gtta
--

ALTER TABLE ONLY checks_l10n
    ADD CONSTRAINT checks_l10n_check_id_fkey FOREIGN KEY (check_id) REFERENCES checks(id) ON UPDATE CASCADE ON DELETE CASCADE;


--
-- TOC entry 2062 (class 2606 OID 22155)
-- Dependencies: 157 2013 162
-- Name: checks_l10n_language_id_fkey; Type: FK CONSTRAINT; Schema: public; Owner: gtta
--

ALTER TABLE ONLY checks_l10n
    ADD CONSTRAINT checks_l10n_language_id_fkey FOREIGN KEY (language_id) REFERENCES languages(id) ON UPDATE CASCADE ON DELETE CASCADE;


--
-- TOC entry 2060 (class 2606 OID 22145)
-- Dependencies: 2019 168 155
-- Name: checks_reference_id_fkey; Type: FK CONSTRAINT; Schema: public; Owner: gtta
--

ALTER TABLE ONLY checks
    ADD CONSTRAINT checks_reference_id_fkey FOREIGN KEY (reference_id) REFERENCES "references"(id) ON UPDATE CASCADE ON DELETE CASCADE;


--
-- TOC entry 2063 (class 2606 OID 21965)
-- Dependencies: 180 160 2039
-- Name: emails_user_id_fkey; Type: FK CONSTRAINT; Schema: public; Owner: gtta
--

ALTER TABLE ONLY emails
    ADD CONSTRAINT emails_user_id_fkey FOREIGN KEY (user_id) REFERENCES users(id) ON UPDATE CASCADE ON DELETE CASCADE;


--
-- TOC entry 2064 (class 2606 OID 21970)
-- Dependencies: 166 164 2017
-- Name: project_details_project_id_fkey; Type: FK CONSTRAINT; Schema: public; Owner: gtta
--

ALTER TABLE ONLY project_details
    ADD CONSTRAINT project_details_project_id_fkey FOREIGN KEY (project_id) REFERENCES projects(id) ON UPDATE CASCADE ON DELETE CASCADE;


--
-- TOC entry 2065 (class 2606 OID 21975)
-- Dependencies: 2005 166 158
-- Name: projects_client_id_fkey; Type: FK CONSTRAINT; Schema: public; Owner: gtta
--

ALTER TABLE ONLY projects
    ADD CONSTRAINT projects_client_id_fkey FOREIGN KEY (client_id) REFERENCES clients(id) ON UPDATE CASCADE ON DELETE CASCADE;


--
-- TOC entry 2085 (class 2606 OID 22095)
-- Dependencies: 184 2013 162
-- Name: risk_categories_l10n_language_id_fkey; Type: FK CONSTRAINT; Schema: public; Owner: gtta
--

ALTER TABLE ONLY risk_categories_l10n
    ADD CONSTRAINT risk_categories_l10n_language_id_fkey FOREIGN KEY (language_id) REFERENCES languages(id) ON UPDATE CASCADE ON DELETE CASCADE;


--
-- TOC entry 2084 (class 2606 OID 22090)
-- Dependencies: 184 2041 183
-- Name: risk_categories_l10n_risk_category_id_fkey; Type: FK CONSTRAINT; Schema: public; Owner: gtta
--

ALTER TABLE ONLY risk_categories_l10n
    ADD CONSTRAINT risk_categories_l10n_risk_category_id_fkey FOREIGN KEY (risk_category_id) REFERENCES risk_categories(id) ON UPDATE CASCADE ON DELETE CASCADE;


--
-- TOC entry 2066 (class 2606 OID 21980)
-- Dependencies: 155 172 2001
-- Name: target_check_attachments_check_id_fkey; Type: FK CONSTRAINT; Schema: public; Owner: gtta
--

ALTER TABLE ONLY target_check_attachments
    ADD CONSTRAINT target_check_attachments_check_id_fkey FOREIGN KEY (check_id) REFERENCES checks(id) ON UPDATE CASCADE ON DELETE CASCADE;


--
-- TOC entry 2067 (class 2606 OID 21985)
-- Dependencies: 178 172 2035
-- Name: target_check_attachments_target_id_fkey; Type: FK CONSTRAINT; Schema: public; Owner: gtta
--

ALTER TABLE ONLY target_check_attachments
    ADD CONSTRAINT target_check_attachments_target_id_fkey FOREIGN KEY (target_id) REFERENCES targets(id) ON UPDATE CASCADE ON DELETE CASCADE;


--
-- TOC entry 2068 (class 2606 OID 21990)
-- Dependencies: 140 173 1981
-- Name: target_check_categories_check_category_id_fkey; Type: FK CONSTRAINT; Schema: public; Owner: gtta
--

ALTER TABLE ONLY target_check_categories
    ADD CONSTRAINT target_check_categories_check_category_id_fkey FOREIGN KEY (check_category_id) REFERENCES check_categories(id) ON UPDATE CASCADE ON DELETE CASCADE;


--
-- TOC entry 2069 (class 2606 OID 21995)
-- Dependencies: 178 173 2035
-- Name: target_check_categories_target_id_fkey; Type: FK CONSTRAINT; Schema: public; Owner: gtta
--

ALTER TABLE ONLY target_check_categories
    ADD CONSTRAINT target_check_categories_target_id_fkey FOREIGN KEY (target_id) REFERENCES targets(id) ON UPDATE CASCADE ON DELETE CASCADE;


--
-- TOC entry 2070 (class 2606 OID 22000)
-- Dependencies: 155 174 2001
-- Name: target_check_inputs_check_id_fkey; Type: FK CONSTRAINT; Schema: public; Owner: gtta
--

ALTER TABLE ONLY target_check_inputs
    ADD CONSTRAINT target_check_inputs_check_id_fkey FOREIGN KEY (check_id) REFERENCES checks(id) ON UPDATE CASCADE ON DELETE CASCADE;


--
-- TOC entry 2071 (class 2606 OID 22005)
-- Dependencies: 1989 174 146
-- Name: target_check_inputs_check_input_id_fkey; Type: FK CONSTRAINT; Schema: public; Owner: gtta
--

ALTER TABLE ONLY target_check_inputs
    ADD CONSTRAINT target_check_inputs_check_input_id_fkey FOREIGN KEY (check_input_id) REFERENCES check_inputs(id) ON UPDATE CASCADE ON DELETE CASCADE;


--
-- TOC entry 2072 (class 2606 OID 22010)
-- Dependencies: 174 178 2035
-- Name: target_check_inputs_target_id_fkey; Type: FK CONSTRAINT; Schema: public; Owner: gtta
--

ALTER TABLE ONLY target_check_inputs
    ADD CONSTRAINT target_check_inputs_target_id_fkey FOREIGN KEY (target_id) REFERENCES targets(id) ON UPDATE CASCADE ON DELETE CASCADE;


--
-- TOC entry 2075 (class 2606 OID 24440)
-- Dependencies: 155 175 2001
-- Name: target_check_solutions_check_id_fkey; Type: FK CONSTRAINT; Schema: public; Owner: gtta
--

ALTER TABLE ONLY target_check_solutions
    ADD CONSTRAINT target_check_solutions_check_id_fkey FOREIGN KEY (check_id) REFERENCES checks(id) ON UPDATE CASCADE ON DELETE CASCADE;


--
-- TOC entry 2073 (class 2606 OID 24430)
-- Dependencies: 152 175 1997
-- Name: target_check_solutions_check_solution_id_fkey; Type: FK CONSTRAINT; Schema: public; Owner: gtta
--

ALTER TABLE ONLY target_check_solutions
    ADD CONSTRAINT target_check_solutions_check_solution_id_fkey FOREIGN KEY (check_solution_id) REFERENCES check_solutions(id) ON UPDATE CASCADE ON DELETE CASCADE;


--
-- TOC entry 2074 (class 2606 OID 24435)
-- Dependencies: 2035 178 175
-- Name: target_check_solutions_target_id_fkey; Type: FK CONSTRAINT; Schema: public; Owner: gtta
--

ALTER TABLE ONLY target_check_solutions
    ADD CONSTRAINT target_check_solutions_target_id_fkey FOREIGN KEY (target_id) REFERENCES targets(id) ON UPDATE CASCADE ON DELETE CASCADE;


--
-- TOC entry 2076 (class 2606 OID 22030)
-- Dependencies: 155 2001 176
-- Name: target_checks_check_id_fkey; Type: FK CONSTRAINT; Schema: public; Owner: gtta
--

ALTER TABLE ONLY target_checks
    ADD CONSTRAINT target_checks_check_id_fkey FOREIGN KEY (check_id) REFERENCES checks(id) ON UPDATE CASCADE ON DELETE CASCADE;


--
-- TOC entry 2077 (class 2606 OID 22035)
-- Dependencies: 162 2013 176
-- Name: target_checks_language_id_fkey; Type: FK CONSTRAINT; Schema: public; Owner: gtta
--

ALTER TABLE ONLY target_checks
    ADD CONSTRAINT target_checks_language_id_fkey FOREIGN KEY (language_id) REFERENCES languages(id) ON UPDATE CASCADE ON DELETE CASCADE;


--
-- TOC entry 2078 (class 2606 OID 22040)
-- Dependencies: 2035 176 178
-- Name: target_checks_target_id_fkey; Type: FK CONSTRAINT; Schema: public; Owner: gtta
--

ALTER TABLE ONLY target_checks
    ADD CONSTRAINT target_checks_target_id_fkey FOREIGN KEY (target_id) REFERENCES targets(id) ON UPDATE CASCADE ON DELETE CASCADE;


--
-- TOC entry 2079 (class 2606 OID 22045)
-- Dependencies: 2039 176 180
-- Name: target_checks_user_id_fkey; Type: FK CONSTRAINT; Schema: public; Owner: gtta
--

ALTER TABLE ONLY target_checks
    ADD CONSTRAINT target_checks_user_id_fkey FOREIGN KEY (user_id) REFERENCES users(id) ON UPDATE CASCADE ON DELETE CASCADE;


--
-- TOC entry 2080 (class 2606 OID 22050)
-- Dependencies: 2019 177 168
-- Name: target_references_reference_id_fkey; Type: FK CONSTRAINT; Schema: public; Owner: gtta
--

ALTER TABLE ONLY target_references
    ADD CONSTRAINT target_references_reference_id_fkey FOREIGN KEY (reference_id) REFERENCES "references"(id) ON UPDATE CASCADE ON DELETE CASCADE;


--
-- TOC entry 2081 (class 2606 OID 22055)
-- Dependencies: 178 177 2035
-- Name: target_references_target_id_fkey; Type: FK CONSTRAINT; Schema: public; Owner: gtta
--

ALTER TABLE ONLY target_references
    ADD CONSTRAINT target_references_target_id_fkey FOREIGN KEY (target_id) REFERENCES targets(id) ON UPDATE CASCADE ON DELETE CASCADE;


--
-- TOC entry 2082 (class 2606 OID 22060)
-- Dependencies: 178 2017 166
-- Name: targets_project_id_fkey; Type: FK CONSTRAINT; Schema: public; Owner: gtta
--

ALTER TABLE ONLY targets
    ADD CONSTRAINT targets_project_id_fkey FOREIGN KEY (project_id) REFERENCES projects(id) ON UPDATE CASCADE ON DELETE CASCADE;


--
-- TOC entry 2083 (class 2606 OID 22065)
-- Dependencies: 158 2005 180
-- Name: users_client_id_fkey; Type: FK CONSTRAINT; Schema: public; Owner: gtta
--

ALTER TABLE ONLY users
    ADD CONSTRAINT users_client_id_fkey FOREIGN KEY (client_id) REFERENCES clients(id) ON UPDATE CASCADE ON DELETE SET NULL;


--
-- TOC entry 2119 (class 0 OID 0)
-- Dependencies: 6
-- Name: public; Type: ACL; Schema: -; Owner: postgres
--

REVOKE ALL ON SCHEMA public FROM PUBLIC;
REVOKE ALL ON SCHEMA public FROM postgres;
GRANT ALL ON SCHEMA public TO postgres;
GRANT ALL ON SCHEMA public TO PUBLIC;


-- Completed on 2012-08-02 17:27:14 MSK

--
-- PostgreSQL database dump complete
--

